Date,Open,High,Low,Close*,Adj Close**,Volume
"Aug 11, 2017",2441.04,2448.09,2437.85,2441.32,2441.32,3159930000
"Aug 10, 2017",2465.38,2465.38,2437.75,2438.21,2438.21,3621070000
"Aug 09, 2017",2465.35,2474.41,2462.08,2474.02,2474.02,3308060000
"Aug 08, 2017",2478.35,2490.87,2470.32,2474.92,2474.92,3344640000
"Aug 07, 2017",2477.14,2480.95,2475.88,2480.91,2480.91,2931780000
"Aug 04, 2017",2476.88,2480,2472.08,2476.83,2476.83,3235140000
"Aug 03, 2017",2476.03,2476.03,2468.85,2472.16,2472.16,3645020000
"Aug 02, 2017",2480.38,2480.38,2466.48,2477.57,2477.57,3478580000
"Aug 01, 2017",2477.1,2478.51,2471.14,2476.35,2476.35,3460860000
"Jul 31, 2017",2475.94,2477.96,2468.53,2470.3,2470.3,3469210000
"Jul 28, 2017",2469.12,2473.53,2464.66,2472.1,2472.1,3294770000
"Jul 27, 2017",2482.76,2484.04,2459.93,2475.42,2475.42,3995520000
"Jul 26, 2017",2479.97,2481.69,2474.94,2477.83,2477.83,3557020000
"Jul 25, 2017",2477.88,2481.24,2474.91,2477.13,2477.13,4108060000
"Jul 24, 2017",2472.04,2473.1,2466.32,2469.91,2469.91,3010240000
"Jul 21, 2017",2467.4,2472.54,2465.06,2472.54,2472.54,3059570000
"Jul 20, 2017",2475.56,2477.62,2468.43,2473.45,2473.45,3182780000
"Jul 19, 2017",2463.85,2473.83,2463.85,2473.83,2473.83,3059760000
"Jul 18, 2017",2455.88,2460.92,2450.34,2460.61,2460.61,2962130000
"Jul 17, 2017",2459.5,2462.82,2457.16,2459.14,2459.14,2793170000
"Jul 14, 2017",2449.16,2463.54,2446.69,2459.27,2459.27,2736640000
"Jul 13, 2017",2444.99,2449.32,2441.69,2447.83,2447.83,3067670000
"Jul 12, 2017",2435.75,2445.76,2435.75,2443.25,2443.25,3171620000
"Jul 11, 2017",2427.35,2429.3,2412.79,2425.53,2425.53,3106750000
"Jul 10, 2017",2424.51,2432,2422.27,2427.43,2427.43,2999130000
"Jul 07, 2017",2413.52,2426.92,2413.52,2425.18,2425.18,2901330000
"Jul 06, 2017",2423.44,2424.28,2407.7,2409.75,2409.75,3364520000
"Jul 05, 2017",2430.78,2434.9,2422.05,2432.54,2432.54,3367220000
"Jul 03, 2017",2431.39,2439.17,2428.69,2429.01,2429.01,1962290000
"Jun 30, 2017",2429.2,2432.71,2421.65,2423.41,2423.41,3361590000
"Jun 29, 2017",2442.38,2442.73,2405.7,2419.7,2419.7,3900280000
"Jun 28, 2017",2428.7,2442.97,2428.02,2440.69,2440.69,3500800000
"Jun 27, 2017",2436.34,2440.15,2419.38,2419.38,2419.38,3563910000
"Jun 26, 2017",2443.32,2450.42,2437.03,2439.07,2439.07,3238970000
"Jun 23, 2017",2434.65,2441.4,2431.11,2438.3,2438.3,5278330000
"Jun 22, 2017",2437.4,2441.62,2433.27,2434.5,2434.5,3468210000
"Jun 21, 2017",2439.31,2442.23,2430.74,2435.61,2435.61,3594820000
"Jun 20, 2017",2450.66,2450.66,2436.6,2437.03,2437.03,3416510000
"Jun 19, 2017",2442.55,2453.82,2441.79,2453.46,2453.46,3264700000
"Jun 16, 2017",2431.24,2433.15,2422.88,2433.15,2433.15,5284720000
"Jun 15, 2017",2424.14,2433.95,2418.53,2432.46,2432.46,3353050000
"Jun 14, 2017",2443.75,2443.75,2428.34,2437.92,2437.92,3555590000
"Jun 13, 2017",2434.15,2441.49,2431.28,2440.35,2440.35,3275500000
"Jun 12, 2017",2425.88,2430.38,2419.97,2429.39,2429.39,4027750000
"Jun 09, 2017",2436.39,2446.2,2415.7,2431.77,2431.77,4027340000
"Jun 08, 2017",2434.27,2439.27,2427.94,2433.79,2433.79,3728860000
"Jun 07, 2017",2432.03,2435.28,2424.75,2433.14,2433.14,3572300000
"Jun 06, 2017",2431.92,2436.21,2428.12,2429.33,2429.33,3357840000
"Jun 05, 2017",2437.83,2439.55,2434.32,2436.1,2436.1,2912600000
"Jun 02, 2017",2431.28,2440.23,2427.71,2439.07,2439.07,3461680000
"Jun 01, 2017",2415.65,2430.06,2413.54,2430.06,2430.06,3857140000
"May 31, 2017",2415.63,2415.99,2403.59,2411.8,2411.8,4516110000
"May 30, 2017",2411.67,2415.26,2409.43,2412.91,2412.91,3203160000
"May 26, 2017",2414.5,2416.68,2412.2,2415.82,2415.82,2805040000
"May 25, 2017",2409.54,2418.71,2408.01,2415.07,2415.07,3535390000
"May 24, 2017",2401.41,2405.58,2397.99,2404.39,2404.39,3389900000
"May 23, 2017",2397.04,2400.85,2393.88,2398.42,2398.42,3213570000
"May 22, 2017",2387.21,2395.46,2386.92,2394.02,2394.02,3172830000
"May 19, 2017",2371.37,2389.06,2370.43,2381.73,2381.73,3825160000
"May 18, 2017",2354.69,2375.74,2352.72,2365.72,2365.72,4319420000
"May 17, 2017",2382.95,2384.87,2356.21,2357.03,2357.03,4163000000
"May 16, 2017",2404.55,2405.77,2396.05,2400.67,2400.67,3420790000
"May 15, 2017",2393.98,2404.05,2393.94,2402.32,2402.32,3473600000
"May 12, 2017",2392.44,2392.44,2387.19,2390.9,2390.9,3305630000
"May 11, 2017",2394.84,2395.72,2381.74,2394.44,2394.44,3727420000
"May 10, 2017",2396.79,2399.74,2392.79,2399.63,2399.63,3643530000
"May 09, 2017",2401.58,2403.87,2392.44,2396.92,2396.92,3653590000
"May 08, 2017",2399.94,2401.36,2393.92,2399.38,2399.38,3429440000
"May 05, 2017",2392.37,2399.29,2389.38,2399.29,2399.29,3540140000
"May 04, 2017",2389.79,2391.43,2380.35,2389.52,2389.52,4362540000
"May 03, 2017",2386.5,2389.82,2379.75,2388.13,2388.13,3893990000
"May 02, 2017",2391.05,2392.93,2385.82,2391.17,2391.17,3813680000
"May 01, 2017",2388.5,2394.49,2384.83,2388.33,2388.33,3199240000
"Apr 28, 2017",2393.68,2393.68,2382.36,2384.2,2384.2,3718270000
"Apr 27, 2017",2389.7,2392.1,2382.68,2388.77,2388.77,4098460000
"Apr 26, 2017",2388.98,2398.16,2386.78,2387.45,2387.45,4105920000
"Apr 25, 2017",2381.51,2392.48,2381.15,2388.61,2388.61,3995240000
"Apr 24, 2017",2370.33,2376.98,2369.19,2374.15,2374.15,3690650000
"Apr 21, 2017",2354.74,2356.18,2344.51,2348.69,2348.69,3503360000
"Apr 20, 2017",2342.69,2361.37,2340.91,2355.84,2355.84,3647420000
"Apr 19, 2017",2346.79,2352.63,2335.05,2338.17,2338.17,3519900000
"Apr 18, 2017",2342.53,2348.35,2334.54,2342.19,2342.19,3269840000
"Apr 17, 2017",2332.62,2349.14,2332.51,2349.01,2349.01,2824710000
"Apr 13, 2017",2341.98,2348.26,2328.95,2328.95,2328.95,3143890000
"Apr 12, 2017",2352.15,2352.72,2341.18,2344.93,2344.93,3196950000
"Apr 11, 2017",2353.92,2355.22,2337.25,2353.78,2353.78,3117420000
"Apr 10, 2017",2357.16,2366.37,2351.5,2357.16,2357.16,2785410000
"Apr 07, 2017",2356.59,2363.76,2350.74,2355.54,2355.54,3053150000
"Apr 06, 2017",2353.79,2364.16,2348.9,2357.49,2357.49,3201920000
"Apr 05, 2017",2366.59,2378.36,2350.52,2352.95,2352.95,3770520000
"Apr 04, 2017",2354.76,2360.53,2350.72,2360.16,2360.16,3206240000
"Apr 03, 2017",2362.34,2365.87,2344.73,2358.84,2358.84,3416400000
"Mar 31, 2017",2364.82,2370.35,2362.6,2362.72,2362.72,3354110000
"Mar 30, 2017",2361.31,2370.42,2358.58,2368.06,2368.06,3158420000
"Mar 29, 2017",2356.54,2363.36,2352.94,2361.13,2361.13,3106940000
"Mar 28, 2017",2339.79,2363.78,2337.63,2358.57,2358.57,3367780000
"Mar 27, 2017",2329.11,2344.9,2322.25,2341.59,2341.59,3240230000
"Mar 24, 2017",2350.42,2356.22,2335.74,2343.98,2343.98,2975130000
"Mar 23, 2017",2345.97,2358.92,2342.13,2345.96,2345.96,3260600000
"Mar 22, 2017",2343,2351.81,2336.45,2348.45,2348.45,3572730000
"Mar 21, 2017",2379.32,2381.93,2341.9,2344.02,2344.02,4265590000
"Mar 20, 2017",2378.24,2379.55,2369.66,2373.47,2373.47,3054930000
"Mar 17, 2017",2383.71,2385.71,2377.64,2378.25,2378.25,5178040000
"Mar 16, 2017",2387.71,2388.1,2377.18,2381.38,2381.38,3365660000
"Mar 15, 2017",2370.34,2390.01,2368.94,2385.26,2385.26,3906840000
"Mar 14, 2017",2368.55,2368.55,2358.18,2365.45,2365.45,3172630000
"Mar 13, 2017",2371.56,2374.42,2368.52,2373.47,2373.47,3133900000
"Mar 10, 2017",2372.52,2376.86,2363.04,2372.6,2372.6,3432950000
"Mar 09, 2017",2363.49,2369.08,2354.54,2364.87,2364.87,3716340000
"Mar 08, 2017",2369.81,2373.09,2361.01,2362.98,2362.98,3812100000
"Mar 07, 2017",2370.74,2375.12,2365.51,2368.39,2368.39,3518390000
"Mar 06, 2017",2375.23,2378.8,2367.98,2375.31,2375.31,3232700000
"Mar 03, 2017",2380.92,2383.89,2375.39,2383.12,2383.12,3555260000
"Mar 02, 2017",2394.75,2394.75,2380.17,2381.92,2381.92,3821320000
"Mar 01, 2017",2380.13,2400.98,2380.13,2395.96,2395.96,4345180000
"Feb 28, 2017",2366.08,2367.79,2358.96,2363.64,2363.64,4210140000
"Feb 27, 2017",2365.23,2371.54,2361.87,2369.75,2369.75,3582610000
"Feb 24, 2017",2355.73,2367.34,2352.87,2367.34,2367.34,3831570000
"Feb 23, 2017",2367.5,2368.26,2355.09,2363.81,2363.81,4015260000
"Feb 22, 2017",2361.11,2365.13,2358.34,2362.82,2362.82,3468670000
"Feb 21, 2017",2354.91,2366.71,2354.91,2365.38,2365.38,3579780000
"Feb 17, 2017",2343.01,2351.16,2339.58,2351.16,2351.16,3513060000
"Feb 16, 2017",2349.64,2351.31,2338.87,2347.22,2347.22,3672370000
"Feb 15, 2017",2335.58,2351.3,2334.81,2349.25,2349.25,3775590000
"Feb 14, 2017",2326.12,2337.58,2322.17,2337.58,2337.58,3520910000
"Feb 13, 2017",2321.72,2331.58,2321.42,2328.25,2328.25,3349730000
"Feb 10, 2017",2312.27,2319.23,2311.1,2316.1,2316.1,3475020000
"Feb 09, 2017",2296.7,2311.08,2296.61,2307.87,2307.87,3677940000
"Feb 08, 2017",2289.55,2295.91,2285.38,2294.67,2294.67,3609740000
"Feb 07, 2017",2295.87,2299.4,2290.16,2293.08,2293.08,3448690000
"Feb 06, 2017",2294.28,2296.18,2288.57,2292.56,2292.56,3109050000
"Feb 03, 2017",2288.54,2298.31,2287.88,2297.42,2297.42,3597970000
"Feb 02, 2017",2276.69,2283.97,2271.65,2280.85,2280.85,3807710000
"Feb 01, 2017",2285.59,2289.14,2272.44,2279.55,2279.55,3916610000
"Jan 31, 2017",2274.02,2279.09,2267.21,2278.87,2278.87,4087450000
"Jan 30, 2017",2286.01,2286.01,2268.04,2280.9,2280.9,3591270000
"Jan 27, 2017",2299.02,2299.02,2291.62,2294.69,2294.69,3135890000
"Jan 26, 2017",2298.63,2300.99,2294.08,2296.68,2296.68,3610360000
"Jan 25, 2017",2288.88,2299.55,2288.88,2298.37,2298.37,3846020000
"Jan 24, 2017",2267.88,2284.63,2266.68,2280.07,2280.07,3810960000
"Jan 23, 2017",2267.78,2271.78,2257.02,2265.2,2265.2,3152710000
"Jan 20, 2017",2269.96,2276.96,2265.01,2271.31,2271.31,3524970000
"Jan 19, 2017",2271.9,2274.33,2258.41,2263.69,2263.69,3165970000
"Jan 18, 2017",2269.14,2272.01,2263.35,2271.89,2271.89,3315250000
"Jan 17, 2017",2269.14,2272.08,2262.81,2267.89,2267.89,3584990000
"Jan 13, 2017",2272.74,2278.68,2271.51,2274.64,2274.64,3081270000
"Jan 12, 2017",2271.14,2271.78,2254.25,2270.44,2270.44,3462130000
"Jan 11, 2017",2268.6,2275.32,2260.83,2275.32,2275.32,3620410000
"Jan 10, 2017",2269.72,2279.27,2265.27,2268.9,2268.9,3638790000
"Jan 09, 2017",2273.59,2275.49,2268.9,2268.9,2268.9,3217610000
"Jan 06, 2017",2271.14,2282.1,2264.06,2276.98,2276.98,3339890000
"Jan 05, 2017",2268.18,2271.5,2260.45,2269,2269,3761820000
"Jan 04, 2017",2261.6,2272.82,2261.6,2270.75,2270.75,3764890000
"Jan 03, 2017",2251.57,2263.88,2245.13,2257.83,2257.83,3770530000
"Dec 30, 2016",2251.61,2253.58,2233.62,2238.83,2238.83,2670900000
"Dec 29, 2016",2249.5,2254.51,2244.56,2249.26,2249.26,2336370000
"Dec 28, 2016",2270.23,2271.31,2249.11,2249.92,2249.92,2392360000
"Dec 27, 2016",2266.23,2273.82,2266.15,2268.88,2268.88,1987080000
"Dec 23, 2016",2260.25,2263.79,2258.84,2263.79,2263.79,2020550000
"Dec 22, 2016",2262.93,2263.18,2256.08,2260.96,2260.96,2876320000
"Dec 21, 2016",2270.54,2271.23,2265.15,2265.18,2265.18,2852230000
"Dec 20, 2016",2266.5,2272.56,2266.14,2270.76,2270.76,3298780000
"Dec 19, 2016",2259.24,2267.47,2258.21,2262.53,2262.53,3248370000
"Dec 16, 2016",2266.81,2268.05,2254.24,2258.07,2258.07,5920340000
"Dec 15, 2016",2253.77,2272.12,2253.77,2262.03,2262.03,4168200000
"Dec 14, 2016",2268.35,2276.2,2248.44,2253.28,2253.28,4406970000
"Dec 13, 2016",2263.32,2277.53,2263.32,2271.72,2271.72,3857590000
"Dec 12, 2016",2258.83,2264.03,2252.37,2256.96,2256.96,4034510000
"Dec 09, 2016",2249.73,2259.8,2249.23,2259.53,2259.53,3884480000
"Dec 08, 2016",2241.13,2251.69,2237.57,2246.19,2246.19,4200580000
"Dec 07, 2016",2210.72,2241.63,2208.93,2241.35,2241.35,4501820000
"Dec 06, 2016",2207.26,2212.78,2202.21,2212.23,2212.23,3855320000
"Dec 05, 2016",2200.65,2209.42,2199.97,2204.71,2204.71,3895230000
"Dec 02, 2016",2191.12,2197.95,2188.37,2191.95,2191.95,3779500000
"Dec 01, 2016",2200.17,2202.6,2187.44,2191.08,2191.08,5063740000
"Nov 30, 2016",2204.97,2214.1,2198.81,2198.81,2198.81,5533980000
"Nov 29, 2016",2200.76,2210.46,2198.15,2204.66,2204.66,3706560000
"Nov 28, 2016",2210.21,2211.14,2200.36,2201.72,2201.72,3505650000
"Nov 25, 2016",2206.27,2213.35,2206.27,2213.35,2213.35,1584600000
"Nov 23, 2016",2198.55,2204.72,2194.51,2204.72,2204.72,3418640000
"Nov 22, 2016",2201.56,2204.8,2194.51,2202.94,2202.94,3957940000
"Nov 21, 2016",2186.43,2198.7,2186.43,2198.18,2198.18,3607010000
"Nov 18, 2016",2186.85,2189.89,2180.38,2181.9,2181.9,3572400000
"Nov 17, 2016",2178.61,2188.06,2176.65,2187.12,2187.12,3809160000
"Nov 16, 2016",2177.53,2179.22,2172.2,2176.94,2176.94,3830590000
"Nov 15, 2016",2168.29,2180.84,2166.38,2180.39,2180.39,4543860000
"Nov 14, 2016",2165.64,2171.36,2156.08,2164.2,2164.2,5367200000
"Nov 11, 2016",2162.71,2165.92,2152.49,2164.45,2164.45,4988050000
"Nov 10, 2016",2167.49,2182.3,2151.17,2167.48,2167.48,6451640000
"Nov 09, 2016",2131.56,2170.1,2125.35,2163.26,2163.26,6264150000
"Nov 08, 2016",2129.92,2146.87,2123.56,2139.56,2139.56,3916930000
"Nov 07, 2016",2100.59,2132,2100.59,2131.52,2131.52,3736060000
"Nov 04, 2016",2083.79,2099.07,2083.79,2085.18,2085.18,3837860000
"Nov 03, 2016",2098.8,2102.56,2085.23,2088.66,2088.66,3886740000
"Nov 02, 2016",2109.43,2111.76,2094,2097.94,2097.94,4248580000
"Nov 01, 2016",2128.68,2131.45,2097.85,2111.72,2111.72,4532160000
"Oct 31, 2016",2129.78,2133.25,2125.53,2126.15,2126.15,3922400000
"Oct 28, 2016",2132.23,2140.72,2119.36,2126.41,2126.41,4019510000
"Oct 27, 2016",2144.06,2147.13,2132.52,2133.04,2133.04,4204830000
"Oct 26, 2016",2136.97,2145.73,2131.59,2139.43,2139.43,3775200000
"Oct 25, 2016",2149.72,2151.44,2141.93,2143.16,2143.16,3751340000
"Oct 24, 2016",2148.5,2154.79,2146.91,2151.33,2151.33,3357320000
"Oct 21, 2016",2139.43,2142.63,2130.09,2141.16,2141.16,3448850000
"Oct 20, 2016",2142.51,2147.18,2133.44,2141.34,2141.34,3337170000
"Oct 19, 2016",2140.81,2148.44,2138.15,2144.29,2144.29,3362670000
"Oct 18, 2016",2138.31,2144.38,2135.49,2139.6,2139.6,3170000000
"Oct 17, 2016",2132.95,2135.61,2124.43,2126.5,2126.5,2830390000
"Oct 14, 2016",2139.68,2149.19,2132.98,2132.98,2132.98,3228150000
"Oct 13, 2016",2130.26,2138.19,2114.72,2132.55,2132.55,3580450000
"Oct 12, 2016",2137.67,2145.36,2132.77,2139.18,2139.18,2977100000
"Oct 11, 2016",2161.35,2161.56,2128.84,2136.73,2136.73,3438270000
"Oct 10, 2016",2160.39,2169.6,2160.39,2163.66,2163.66,2916550000
"Oct 07, 2016",2164.19,2165.86,2144.85,2153.74,2153.74,3619890000
"Oct 06, 2016",2158.22,2162.93,2150.28,2160.77,2160.77,3461550000
"Oct 05, 2016",2155.15,2163.95,2155.15,2159.73,2159.73,3906550000
"Oct 04, 2016",2163.37,2165.46,2144.01,2150.49,2150.49,3750890000
"Oct 03, 2016",2164.33,2164.41,2154.77,2161.2,2161.2,3137550000
"Sep 30, 2016",2156.51,2175.3,2156.51,2168.27,2168.27,4173340000
"Sep 29, 2016",2168.9,2172.67,2145.2,2151.13,2151.13,4249220000
"Sep 28, 2016",2161.85,2172.4,2151.79,2171.37,2171.37,3891460000
"Sep 27, 2016",2146.04,2161.13,2141.55,2159.93,2159.93,3437770000
"Sep 26, 2016",2158.54,2158.54,2145.04,2146.1,2146.1,3216170000
"Sep 23, 2016",2173.29,2173.75,2163.97,2164.69,2164.69,3317190000
"Sep 22, 2016",2170.94,2179.99,2170.94,2177.18,2177.18,3552830000
"Sep 21, 2016",2144.58,2165.11,2139.57,2163.12,2163.12,3712090000
"Sep 20, 2016",2145.94,2150.8,2139.17,2139.76,2139.76,3140730000
"Sep 19, 2016",2143.99,2153.61,2135.91,2139.12,2139.12,3163000000
"Sep 16, 2016",2146.48,2146.48,2131.2,2139.16,2139.16,5014360000
"Sep 15, 2016",2125.36,2151.31,2122.36,2147.26,2147.26,3373720000
"Sep 14, 2016",2127.86,2141.33,2119.9,2125.77,2125.77,3664100000
"Sep 13, 2016",2150.47,2150.47,2120.27,2127.02,2127.02,4141670000
"Sep 12, 2016",2120.86,2163.3,2119.12,2159.04,2159.04,4010480000
"Sep 09, 2016",2169.08,2169.08,2127.81,2127.81,2127.81,4233960000
"Sep 08, 2016",2182.76,2184.94,2177.49,2181.3,2181.3,3727840000
"Sep 07, 2016",2185.17,2187.87,2179.07,2186.16,2186.16,3319420000
"Sep 06, 2016",2181.61,2186.57,2175.1,2186.48,2186.48,3447650000
"Sep 02, 2016",2177.49,2184.87,2173.59,2179.98,2179.98,3091120000
"Sep 01, 2016",2171.33,2173.56,2157.09,2170.86,2170.86,3392120000
"Aug 31, 2016",2173.56,2173.79,2161.35,2170.95,2170.95,3766390000
"Aug 30, 2016",2179.45,2182.27,2170.41,2176.12,2176.12,3006800000
"Aug 29, 2016",2170.19,2183.48,2170.19,2180.38,2180.38,2654780000
"Aug 26, 2016",2175.1,2187.94,2160.39,2169.04,2169.04,3342340000
"Aug 25, 2016",2173.29,2179,2169.74,2172.47,2172.47,2969310000
"Aug 24, 2016",2185.09,2186.66,2171.25,2175.44,2175.44,3148280000
"Aug 23, 2016",2187.81,2193.42,2186.8,2186.9,2186.9,3041490000
"Aug 22, 2016",2181.58,2185.15,2175.96,2182.64,2182.64,2777550000
"Aug 19, 2016",2184.24,2185,2175.13,2183.87,2183.87,3084800000
"Aug 18, 2016",2181.9,2187.03,2180.46,2187.02,2187.02,3300570000
"Aug 17, 2016",2177.84,2183.08,2168.5,2182.22,2182.22,3388910000
"Aug 16, 2016",2186.24,2186.24,2178.14,2178.15,2178.15,3196400000
"Aug 15, 2016",2186.08,2193.81,2186.08,2190.15,2190.15,3078530000
"Aug 12, 2016",2183.74,2186.28,2179.42,2184.05,2184.05,3000660000
"Aug 11, 2016",2177.97,2188.45,2177.97,2185.79,2185.79,3423160000
"Aug 10, 2016",2182.81,2183.41,2172,2175.49,2175.49,3254950000
"Aug 09, 2016",2182.24,2187.66,2178.61,2181.74,2181.74,3334300000
"Aug 08, 2016",2183.76,2185.44,2177.85,2180.89,2180.89,3327550000
"Aug 05, 2016",2168.79,2182.87,2168.79,2182.87,2182.87,3663070000
"Aug 04, 2016",2163.51,2168.19,2159.07,2164.25,2164.25,3709200000
"Aug 03, 2016",2156.81,2163.79,2152.56,2163.79,2163.79,3786530000
"Aug 02, 2016",2169.94,2170.2,2147.58,2157.03,2157.03,3848750000
"Aug 01, 2016",2173.15,2178.29,2166.21,2170.84,2170.84,3505990000
"Jul 29, 2016",2168.83,2177.09,2163.49,2173.6,2173.6,4038840000
"Jul 28, 2016",2166.05,2172.85,2159.74,2170.06,2170.06,3664240000
"Jul 27, 2016",2169.81,2174.98,2159.07,2166.58,2166.58,3995500000
"Jul 26, 2016",2168.97,2173.54,2160.18,2169.18,2169.18,3442350000
"Jul 25, 2016",2173.71,2173.71,2161.95,2168.48,2168.48,3057240000
"Jul 22, 2016",2166.47,2175.11,2163.24,2175.03,2175.03,3023280000
"Jul 21, 2016",2172.91,2174.56,2159.75,2165.17,2165.17,3438900000
"Jul 20, 2016",2166.1,2175.63,2164.89,2173.02,2173.02,3211860000
"Jul 19, 2016",2163.79,2164.63,2159.01,2163.78,2163.78,2968340000
"Jul 18, 2016",2162.04,2168.35,2159.63,2166.89,2166.89,3009310000
"Jul 15, 2016",2165.13,2169.05,2155.79,2161.74,2161.74,3122600000
"Jul 14, 2016",2157.88,2168.99,2157.88,2163.75,2163.75,3465610000
"Jul 13, 2016",2153.81,2156.45,2146.21,2152.43,2152.43,3502320000
"Jul 12, 2016",2139.5,2155.4,2139.5,2152.14,2152.14,4097820000
"Jul 11, 2016",2131.72,2143.16,2131.72,2137.16,2137.16,3253340000
"Jul 08, 2016",2106.97,2131.71,2106.97,2129.9,2129.9,3607500000
"Jul 07, 2016",2100.42,2109.08,2089.39,2097.9,2097.9,3604550000
"Jul 06, 2016",2084.43,2100.72,2074.02,2099.73,2099.73,3909380000
"Jul 05, 2016",2095.05,2095.05,2080.86,2088.55,2088.55,3658380000
"Jul 01, 2016",2099.34,2108.71,2097.9,2102.95,2102.95,3458890000
"Jun 30, 2016",2073.17,2098.94,2070,2098.86,2098.86,4622820000
"Jun 29, 2016",2042.69,2073.13,2042.69,2070.77,2070.77,4241740000
"Jun 28, 2016",2006.67,2036.09,2006.67,2036.09,2036.09,4385810000
"Jun 27, 2016",2031.45,2031.45,1991.68,2000.54,2000.54,5431220000
"Jun 24, 2016",2103.81,2103.81,2032.57,2037.41,2037.41,7597450000
"Jun 23, 2016",2092.8,2113.32,2092.8,2113.32,2113.32,3297940000
"Jun 22, 2016",2089.75,2099.71,2084.36,2085.45,2085.45,3168160000
"Jun 21, 2016",2085.19,2093.66,2083.02,2088.9,2088.9,3232880000
"Jun 20, 2016",2075.58,2100.66,2075.58,2083.25,2083.25,3467440000
"Jun 17, 2016",2078.2,2078.2,2062.84,2071.22,2071.22,4952630000
"Jun 16, 2016",2066.36,2079.62,2050.37,2077.99,2077.99,3628280000
"Jun 15, 2016",2077.6,2085.65,2069.8,2071.5,2071.5,3544720000
"Jun 14, 2016",2076.65,2081.3,2064.1,2075.32,2075.32,3759770000
"Jun 13, 2016",2091.75,2098.12,2078.46,2079.06,2079.06,3392030000
"Jun 10, 2016",2109.57,2109.57,2089.96,2096.07,2096.07,3515010000
"Jun 09, 2016",2115.65,2117.64,2107.73,2115.48,2115.48,3290320000
"Jun 08, 2016",2112.71,2120.55,2112.71,2119.12,2119.12,3562060000
"Jun 07, 2016",2110.18,2119.22,2110.18,2112.13,2112.13,3534730000
"Jun 06, 2016",2100.83,2113.36,2100.83,2109.41,2109.41,3442020000
"Jun 03, 2016",2104.07,2104.07,2085.36,2099.13,2099.13,3627780000
"Jun 02, 2016",2097.71,2105.26,2088.59,2105.26,2105.26,3632720000
"Jun 01, 2016",2093.94,2100.97,2085.1,2099.33,2099.33,3525170000
"May 31, 2016",2100.13,2103.48,2088.66,2096.95,2096.95,4514410000
"May 27, 2016",2090.06,2099.06,2090.06,2099.06,2099.06,3079150000
"May 26, 2016",2091.44,2094.3,2087.08,2090.1,2090.1,3230990000
"May 25, 2016",2078.93,2094.73,2078.93,2090.54,2090.54,3859160000
"May 24, 2016",2052.65,2079.67,2052.65,2076.06,2076.06,3627340000
"May 23, 2016",2052.23,2055.58,2047.26,2048.04,2048.04,3055480000
"May 20, 2016",2041.88,2058.35,2041.88,2052.32,2052.32,3507650000
"May 19, 2016",2044.21,2044.21,2025.91,2040.04,2040.04,3846770000
"May 18, 2016",2044.38,2060.61,2034.49,2047.63,2047.63,4101320000
"May 17, 2016",2065.04,2065.69,2040.82,2047.21,2047.21,4108960000
"May 16, 2016",2046.53,2071.88,2046.53,2066.66,2066.66,3501360000
"May 13, 2016",2062.5,2066.79,2043.13,2046.61,2046.61,3579880000
"May 12, 2016",2067.17,2073.99,2053.13,2064.11,2064.11,3782390000
"May 11, 2016",2083.29,2083.29,2064.46,2064.46,2064.46,3821980000
"May 10, 2016",2062.63,2084.87,2062.63,2084.39,2084.39,3600200000
"May 09, 2016",2057.55,2064.15,2054.31,2058.69,2058.69,3788620000
"May 06, 2016",2047.77,2057.72,2039.45,2057.14,2057.14,3796350000
"May 05, 2016",2052.95,2060.23,2045.77,2050.63,2050.63,4008530000
"May 04, 2016",2060.3,2060.3,2045.55,2051.12,2051.12,4058560000
"May 03, 2016",2077.18,2077.18,2054.89,2063.37,2063.37,4173390000
"May 02, 2016",2067.17,2083.42,2066.11,2081.43,2081.43,3841110000
"Apr 29, 2016",2071.82,2073.85,2052.28,2065.3,2065.3,4704720000
"Apr 28, 2016",2090.93,2099.3,2071.62,2075.81,2075.81,4309840000
"Apr 27, 2016",2092.33,2099.89,2082.31,2095.15,2095.15,4100110000
"Apr 26, 2016",2089.84,2096.87,2085.8,2091.7,2091.7,3557190000
"Apr 25, 2016",2089.37,2089.37,2077.52,2087.79,2087.79,3319740000
"Apr 22, 2016",2091.49,2094.32,2081.2,2091.58,2091.58,3790580000
"Apr 21, 2016",2102.09,2103.78,2088.52,2091.48,2091.48,4175290000
"Apr 20, 2016",2101.52,2111.05,2096.32,2102.4,2102.4,4184880000
"Apr 19, 2016",2096.05,2104.05,2091.68,2100.8,2100.8,3896830000
"Apr 18, 2016",2078.83,2094.66,2073.65,2094.34,2094.34,3316880000
"Apr 15, 2016",2083.1,2083.22,2076.31,2080.73,2080.73,3701450000
"Apr 14, 2016",2082.89,2087.84,2078.13,2082.78,2082.78,3765870000
"Apr 13, 2016",2065.92,2083.18,2065.92,2082.42,2082.42,4191830000
"Apr 12, 2016",2043.72,2065.05,2039.74,2061.72,2061.72,4239740000
"Apr 11, 2016",2050.23,2062.93,2041.88,2041.99,2041.99,3567840000
"Apr 08, 2016",2045.54,2060.63,2041.69,2047.6,2047.6,3359530000
"Apr 07, 2016",2063.01,2063.01,2033.8,2041.91,2041.91,3801250000
"Apr 06, 2016",2045.56,2067.33,2043.09,2066.66,2066.66,3750800000
"Apr 05, 2016",2062.5,2062.5,2042.56,2045.17,2045.17,4154920000
"Apr 04, 2016",2073.19,2074.02,2062.57,2066.13,2066.13,3485710000
"Apr 01, 2016",2056.62,2075.07,2043.98,2072.78,2072.78,3749990000
"Mar 31, 2016",2063.77,2067.92,2057.46,2059.74,2059.74,3715280000
"Mar 30, 2016",2058.27,2072.21,2058.27,2063.95,2063.95,3590310000
"Mar 29, 2016",2035.75,2055.91,2028.31,2055.01,2055.01,3822330000
"Mar 28, 2016",2037.89,2042.67,2031.96,2037.05,2037.05,2809090000
"Mar 24, 2016",2032.48,2036.04,2022.49,2035.94,2035.94,3407720000
"Mar 23, 2016",2048.55,2048.55,2034.86,2036.71,2036.71,3639510000
"Mar 22, 2016",2048.64,2056.6,2040.57,2049.8,2049.8,3418460000
"Mar 21, 2016",2047.88,2053.91,2043.14,2051.6,2051.6,3376600000
"Mar 18, 2016",2041.16,2052.36,2041.16,2049.58,2049.58,6503140000
"Mar 17, 2016",2026.9,2046.24,2022.16,2040.59,2040.59,4530480000
"Mar 16, 2016",2014.24,2032.02,2010.04,2027.22,2027.22,4057020000
"Mar 15, 2016",2015.27,2015.94,2005.23,2015.93,2015.93,3560280000
"Mar 14, 2016",2019.27,2024.57,2012.05,2019.64,2019.64,3487850000
"Mar 11, 2016",1994.71,2022.37,1994.71,2022.19,2022.19,4078620000
"Mar 10, 2016",1990.97,2005.08,1969.25,1989.57,1989.57,4376790000
"Mar 09, 2016",1981.44,1992.69,1979.84,1989.26,1989.26,4038120000
"Mar 08, 2016",1996.88,1996.88,1977.43,1979.26,1979.26,4641650000
"Mar 07, 2016",1996.11,2006.12,1989.38,2001.76,2001.76,4968180000
"Mar 04, 2016",1994.01,2009.13,1986.77,1999.99,1999.99,6049930000
"Mar 03, 2016",1985.6,1993.69,1977.37,1993.4,1993.4,5081700000
"Mar 02, 2016",1976.6,1986.51,1968.8,1986.45,1986.45,4666610000
"Mar 01, 2016",1937.09,1978.35,1937.09,1978.35,1978.35,4819750000
"Feb 29, 2016",1947.13,1958.27,1931.81,1932.23,1932.23,4588180000
"Feb 26, 2016",1954.95,1962.96,1945.78,1948.05,1948.05,4348510000
"Feb 25, 2016",1931.87,1951.83,1925.41,1951.7,1951.7,4118210000
"Feb 24, 2016",1917.56,1932.08,1891,1929.8,1929.8,4317250000
"Feb 23, 2016",1942.38,1942.38,1919.44,1921.27,1921.27,3890650000
"Feb 22, 2016",1924.44,1946.7,1924.44,1945.5,1945.5,4054710000
"Feb 19, 2016",1916.74,1918.78,1902.17,1917.78,1917.78,4142850000
"Feb 18, 2016",1927.57,1930,1915.09,1917.83,1917.83,4436490000
"Feb 17, 2016",1898.8,1930.68,1898.8,1926.82,1926.82,5011540000
"Feb 16, 2016",1871.44,1895.77,1871.44,1895.58,1895.58,4570670000
"Feb 12, 2016",1833.4,1864.78,1833.4,1864.78,1864.78,4696920000
"Feb 11, 2016",1847,1847,1810.1,1829.08,1829.08,5500800000
"Feb 10, 2016",1857.1,1881.6,1850.32,1851.86,1851.86,4471170000
"Feb 09, 2016",1848.46,1868.25,1834.94,1852.21,1852.21,5183220000
"Feb 08, 2016",1873.25,1873.25,1828.46,1853.44,1853.44,5636460000
"Feb 05, 2016",1913.07,1913.07,1872.65,1880.05,1880.05,4929940000
"Feb 04, 2016",1911.67,1927.35,1900.52,1915.45,1915.45,5193320000
"Feb 03, 2016",1907.07,1918.01,1872.23,1912.53,1912.53,5172950000
"Feb 02, 2016",1935.26,1935.26,1897.29,1903.03,1903.03,4463190000
"Feb 01, 2016",1936.94,1947.2,1920.3,1939.38,1939.38,4322530000
"Jan 29, 2016",1894,1940.24,1894,1940.24,1940.24,5497570000
"Jan 28, 2016",1885.22,1902.96,1873.65,1893.36,1893.36,4693010000
"Jan 27, 2016",1902.52,1916.99,1872.7,1882.95,1882.95,4754040000
"Jan 26, 2016",1878.79,1906.73,1878.79,1903.63,1903.63,4357940000
"Jan 25, 2016",1906.28,1906.28,1875.97,1877.08,1877.08,4401380000
"Jan 22, 2016",1877.4,1908.85,1877.4,1906.9,1906.9,4901760000
"Jan 21, 2016",1861.46,1889.85,1848.98,1868.99,1868.99,5078810000
"Jan 20, 2016",1876.18,1876.18,1812.29,1859.33,1859.33,6416070000
"Jan 19, 2016",1888.66,1901.44,1864.6,1881.33,1881.33,4928350000
"Jan 15, 2016",1916.68,1916.68,1857.83,1880.33,1880.33,5468460000
"Jan 14, 2016",1891.68,1934.47,1878.93,1921.84,1921.84,5241110000
"Jan 13, 2016",1940.34,1950.33,1886.41,1890.28,1890.28,5087030000
"Jan 12, 2016",1927.83,1947.38,1914.35,1938.68,1938.68,4887260000
"Jan 11, 2016",1926.12,1935.65,1901.1,1923.67,1923.67,4607290000
"Jan 08, 2016",1945.97,1960.4,1918.46,1922.03,1922.03,4664940000
"Jan 07, 2016",1985.32,1985.32,1938.83,1943.09,1943.09,5076590000
"Jan 06, 2016",2011.71,2011.71,1979.05,1990.26,1990.26,4336660000
"Jan 05, 2016",2013.78,2021.94,2004.17,2016.71,2016.71,3706620000
"Jan 04, 2016",2038.2,2038.2,1989.68,2012.66,2012.66,4304880000
"Dec 31, 2015",2060.59,2062.54,2043.62,2043.94,2043.94,2655330000
"Dec 30, 2015",2077.34,2077.34,2061.97,2063.36,2063.36,2367430000
"Dec 29, 2015",2060.54,2081.56,2060.54,2078.36,2078.36,2542000000
"Dec 28, 2015",2057.77,2057.77,2044.2,2056.5,2056.5,2492510000
"Dec 24, 2015",2063.52,2067.36,2058.73,2060.99,2060.99,1411860000
"Dec 23, 2015",2042.2,2064.73,2042.2,2064.29,2064.29,3484090000
"Dec 22, 2015",2023.15,2042.74,2020.49,2038.97,2038.97,3520860000
"Dec 21, 2015",2010.27,2022.9,2005.93,2021.15,2021.15,3760280000
"Dec 18, 2015",2040.81,2040.81,2005.33,2005.55,2005.55,6683070000
"Dec 17, 2015",2073.76,2076.37,2041.66,2041.89,2041.89,4327390000
"Dec 16, 2015",2046.5,2076.72,2042.43,2073.07,2073.07,4635450000
"Dec 15, 2015",2025.55,2053.87,2025.55,2043.41,2043.41,4353540000
"Dec 14, 2015",2013.37,2022.92,1993.26,2021.94,2021.94,4612440000
"Dec 11, 2015",2047.27,2047.27,2008.8,2012.37,2012.37,4301060000
"Dec 10, 2015",2047.93,2067.65,2045.67,2052.23,2052.23,3715150000
"Dec 09, 2015",2061.17,2080.33,2036.53,2047.62,2047.62,4385250000
"Dec 08, 2015",2073.39,2073.85,2052.32,2063.59,2063.59,4173570000
"Dec 07, 2015",2090.42,2090.42,2066.78,2077.07,2077.07,4043820000
"Dec 04, 2015",2051.24,2093.84,2051.24,2091.69,2091.69,4214910000
"Dec 03, 2015",2080.71,2085,2042.35,2049.62,2049.62,4306490000
"Dec 02, 2015",2101.71,2104.27,2077.11,2079.51,2079.51,3950640000
"Dec 01, 2015",2082.93,2103.37,2082.93,2102.63,2102.63,3712120000
"Nov 30, 2015",2090.95,2093.81,2080.41,2080.41,2080.41,4275030000
"Nov 27, 2015",2088.82,2093.29,2084.13,2090.11,2090.11,1466840000
"Nov 25, 2015",2089.3,2093,2086.3,2088.87,2088.87,2852940000
"Nov 24, 2015",2084.42,2094.12,2070.29,2089.14,2089.14,3884930000
"Nov 23, 2015",2089.41,2095.61,2081.39,2086.59,2086.59,3587980000
"Nov 20, 2015",2082.82,2097.06,2082.82,2089.17,2089.17,3929600000
"Nov 19, 2015",2083.7,2086.74,2078.76,2081.24,2081.24,3628110000
"Nov 18, 2015",2051.99,2085.31,2051.99,2083.58,2083.58,3926390000
"Nov 17, 2015",2053.67,2066.69,2045.9,2050.44,2050.44,4427350000
"Nov 16, 2015",2022.08,2053.22,2019.39,2053.19,2053.19,3741240000
"Nov 13, 2015",2044.64,2044.64,2022.02,2023.04,2023.04,4278750000
"Nov 12, 2015",2072.29,2072.29,2045.66,2045.97,2045.97,4016370000
"Nov 11, 2015",2083.41,2086.94,2074.85,2075,2075,3692410000
"Nov 10, 2015",2077.19,2083.67,2069.91,2081.72,2081.72,3821440000
"Nov 09, 2015",2096.56,2096.56,2068.24,2078.58,2078.58,3882350000
"Nov 06, 2015",2098.6,2101.91,2083.74,2099.2,2099.2,4369020000
"Nov 05, 2015",2101.68,2108.78,2090.41,2099.93,2099.93,4051890000
"Nov 04, 2015",2110.6,2114.59,2096.98,2102.31,2102.31,4078870000
"Nov 03, 2015",2102.63,2116.48,2097.51,2109.79,2109.79,4272060000
"Nov 02, 2015",2080.76,2106.2,2080.76,2104.05,2104.05,3760020000
"Oct 30, 2015",2090,2094.32,2079.34,2079.36,2079.36,4256200000
"Oct 29, 2015",2088.35,2092.52,2082.63,2089.41,2089.41,4008940000
"Oct 28, 2015",2066.48,2090.35,2063.11,2090.35,2090.35,4698110000
"Oct 27, 2015",2068.75,2070.37,2058.84,2065.89,2065.89,4216880000
"Oct 26, 2015",2075.08,2075.14,2066.53,2071.18,2071.18,3385800000
"Oct 23, 2015",2058.19,2079.74,2058.19,2075.15,2075.15,4108460000
"Oct 22, 2015",2021.88,2055.2,2021.88,2052.51,2052.51,4430850000
"Oct 21, 2015",2033.47,2037.97,2017.22,2018.94,2018.94,3627790000
"Oct 20, 2015",2033.13,2039.12,2026.61,2030.77,2030.77,3331500000
"Oct 19, 2015",2031.73,2034.45,2022.31,2033.66,2033.66,3287320000
"Oct 16, 2015",2024.37,2033.54,2020.46,2033.11,2033.11,3595430000
"Oct 15, 2015",1996.47,2024.15,1996.47,2023.86,2023.86,3746290000
"Oct 14, 2015",2003.66,2009.56,1990.73,1994.24,1994.24,3644590000
"Oct 13, 2015",2015,2022.34,2001.78,2003.69,2003.69,3401920000
"Oct 12, 2015",2015.65,2018.66,2010.55,2017.46,2017.46,2893250000
"Oct 09, 2015",2013.73,2020.13,2007.61,2014.89,2014.89,3706900000
"Oct 08, 2015",1994.01,2016.5,1987.53,2013.43,2013.43,3939140000
"Oct 07, 2015",1982.34,1999.31,1976.44,1995.83,1995.83,4666470000
"Oct 06, 2015",1986.63,1991.62,1971.99,1979.92,1979.92,4202400000
"Oct 05, 2015",1954.33,1989.17,1954.33,1987.05,1987.05,4334490000
"Oct 02, 2015",1921.77,1951.36,1893.7,1951.36,1951.36,4378570000
"Oct 01, 2015",1919.65,1927.21,1900.7,1923.82,1923.82,3983600000
"Sep 30, 2015",1887.14,1920.53,1887.14,1920.03,1920.03,4525070000
"Sep 29, 2015",1881.9,1899.48,1871.91,1884.09,1884.09,4132390000
"Sep 28, 2015",1929.18,1929.18,1879.21,1881.77,1881.77,4326660000
"Sep 25, 2015",1935.93,1952.89,1921.5,1931.34,1931.34,3721870000
"Sep 24, 2015",1934.81,1937.17,1908.92,1932.24,1932.24,4091530000
"Sep 23, 2015",1943.24,1949.52,1932.57,1938.76,1938.76,3190530000
"Sep 22, 2015",1961.39,1961.39,1929.22,1942.74,1942.74,3808260000
"Sep 21, 2015",1960.84,1979.64,1955.8,1966.97,1966.97,3269350000
"Sep 18, 2015",1989.66,1989.66,1953.45,1958.03,1958.03,6021240000
"Sep 17, 2015",1995.33,2020.86,1986.73,1990.2,1990.2,4183790000
"Sep 16, 2015",1978.02,1997.26,1977.93,1995.31,1995.31,3630680000
"Sep 15, 2015",1955.1,1983.19,1954.3,1978.09,1978.09,3239860000
"Sep 14, 2015",1963.06,1963.06,1948.27,1953.03,1953.03,3000200000
"Sep 11, 2015",1951.45,1961.05,1939.19,1961.05,1961.05,3218590000
"Sep 10, 2015",1941.59,1965.29,1937.19,1952.29,1952.29,3626320000
"Sep 09, 2015",1971.45,1988.63,1937.88,1942.04,1942.04,3652120000
"Sep 08, 2015",1927.3,1970.42,1927.3,1969.41,1969.41,3548650000
"Sep 04, 2015",1947.76,1947.76,1911.21,1921.22,1921.22,3167090000
"Sep 03, 2015",1950.79,1975.01,1944.72,1951.13,1951.13,3520700000
"Sep 02, 2015",1916.52,1948.91,1916.52,1948.86,1948.86,3742620000
"Sep 01, 2015",1970.09,1970.09,1903.07,1913.85,1913.85,4371850000
"Aug 31, 2015",1986.73,1986.73,1965.98,1972.18,1972.18,3915100000
"Aug 28, 2015",1986.06,1993.48,1975.19,1988.87,1988.87,3949080000
"Aug 27, 2015",1942.77,1989.6,1942.77,1987.66,1987.66,5006390000
"Aug 26, 2015",1872.75,1943.09,1872.75,1940.51,1940.51,5338250000
"Aug 25, 2015",1898.08,1948.04,1867.08,1867.61,1867.61,5183560000
"Aug 24, 2015",1965.15,1965.15,1867.01,1893.21,1893.21,6612690000
"Aug 21, 2015",2034.08,2034.08,1970.89,1970.89,1970.89,5018240000
"Aug 20, 2015",2076.61,2076.61,2035.73,2035.73,2035.73,3922470000
"Aug 19, 2015",2095.69,2096.17,2070.53,2079.61,2079.61,3512920000
"Aug 18, 2015",2101.99,2103.47,2094.14,2096.92,2096.92,2949990000
"Aug 17, 2015",2089.7,2102.87,2079.3,2102.44,2102.44,2867690000
"Aug 14, 2015",2083.15,2092.45,2080.61,2091.54,2091.54,2795590000
"Aug 13, 2015",2086.19,2092.93,2078.26,2083.39,2083.39,3221300000
"Aug 12, 2015",2081.1,2089.06,2052.09,2086.05,2086.05,4269130000
"Aug 11, 2015",2102.66,2102.66,2076.49,2084.07,2084.07,3708880000
"Aug 10, 2015",2080.98,2105.35,2080.98,2104.18,2104.18,3514460000
"Aug 07, 2015",2082.61,2082.61,2067.91,2077.57,2077.57,3602320000
"Aug 06, 2015",2100.75,2103.32,2075.53,2083.56,2083.56,4246570000
"Aug 05, 2015",2095.27,2112.66,2095.27,2099.84,2099.84,3968680000
"Aug 04, 2015",2097.68,2102.51,2088.6,2093.32,2093.32,3546710000
"Aug 03, 2015",2104.49,2105.7,2087.31,2098.04,2098.04,3476770000
"Jul 31, 2015",2111.6,2114.24,2102.07,2103.84,2103.84,3681340000
"Jul 30, 2015",2106.78,2110.48,2094.97,2108.63,2108.63,3579410000
"Jul 29, 2015",2094.7,2110.6,2094.08,2108.57,2108.57,4038900000
"Jul 28, 2015",2070.75,2095.6,2069.09,2093.25,2093.25,4117740000
"Jul 27, 2015",2078.19,2078.19,2063.52,2067.64,2067.64,3836750000
"Jul 24, 2015",2102.24,2106.01,2077.09,2079.65,2079.65,3870040000
"Jul 23, 2015",2114.16,2116.87,2098.63,2102.15,2102.15,3772810000
"Jul 22, 2015",2118.21,2118.51,2110,2114.15,2114.15,3694070000
"Jul 21, 2015",2127.55,2128.49,2115.4,2119.21,2119.21,3343690000
"Jul 20, 2015",2126.85,2132.82,2123.66,2128.28,2128.28,3245870000
"Jul 17, 2015",2126.8,2128.91,2119.88,2126.64,2126.64,3362750000
"Jul 16, 2015",2110.55,2124.42,2110.55,2124.29,2124.29,3227080000
"Jul 15, 2015",2109.01,2114.14,2102.49,2107.4,2107.4,3261810000
"Jul 14, 2015",2099.72,2111.98,2098.18,2108.95,2108.95,3002120000
"Jul 13, 2015",2080.03,2100.67,2080.03,2099.6,2099.6,3096730000
"Jul 10, 2015",2052.74,2081.31,2052.74,2076.62,2076.62,3065070000
"Jul 09, 2015",2049.73,2074.28,2049.73,2051.31,2051.31,3446810000
"Jul 08, 2015",2077.66,2077.66,2044.66,2046.68,2046.68,3608780000
"Jul 07, 2015",2069.52,2083.74,2044.02,2081.34,2081.34,4458660000
"Jul 06, 2015",2073.95,2078.61,2058.4,2068.76,2068.76,3486360000
"Jul 02, 2015",2078.03,2085.06,2071.02,2076.78,2076.78,2996540000
"Jul 01, 2015",2067,2082.78,2067,2077.42,2077.42,3727260000
"Jun 30, 2015",2061.19,2074.28,2056.32,2063.11,2063.11,4078540000
"Jun 29, 2015",2098.63,2098.63,2056.64,2057.64,2057.64,3678960000
"Jun 26, 2015",2102.62,2108.92,2095.38,2101.49,2101.49,5025470000
"Jun 25, 2015",2109.96,2116.04,2101.78,2102.31,2102.31,3214610000
"Jun 24, 2015",2123.65,2125.1,2108.58,2108.58,2108.58,3102480000
"Jun 23, 2015",2123.16,2128.03,2119.89,2124.2,2124.2,3091190000
"Jun 22, 2015",2112.5,2129.87,2112.5,2122.85,2122.85,3030020000
"Jun 19, 2015",2121.06,2121.64,2109.45,2109.99,2109.99,4449810000
"Jun 18, 2015",2101.58,2126.65,2101.58,2121.24,2121.24,3520360000
"Jun 17, 2015",2097.4,2106.79,2088.86,2100.44,2100.44,3222240000
"Jun 16, 2015",2084.26,2097.4,2082.1,2096.29,2096.29,2919900000
"Jun 15, 2015",2091.34,2091.34,2072.49,2084.43,2084.43,3061570000
"Jun 12, 2015",2107.43,2107.43,2091.33,2094.11,2094.11,2719400000
"Jun 11, 2015",2106.24,2115.02,2106.24,2108.86,2108.86,3128600000
"Jun 10, 2015",2081.12,2108.5,2081.12,2105.2,2105.2,3414320000
"Jun 09, 2015",2079.07,2085.62,2072.14,2080.15,2080.15,3034580000
"Jun 08, 2015",2092.34,2093.01,2079.11,2079.28,2079.28,2917150000
"Jun 05, 2015",2095.09,2100.99,2085.67,2092.83,2092.83,3243690000
"Jun 04, 2015",2112.35,2112.89,2093.23,2095.84,2095.84,3200050000
"Jun 03, 2015",2110.64,2121.92,2109.61,2114.07,2114.07,3099980000
"Jun 02, 2015",2110.41,2117.59,2099.14,2109.6,2109.6,3049350000
"Jun 01, 2015",2108.64,2119.15,2102.54,2111.73,2111.73,3011710000
"May 29, 2015",2120.66,2120.66,2104.89,2107.39,2107.39,3927390000
"May 28, 2015",2122.27,2122.27,2112.86,2120.79,2120.79,2980350000
"May 27, 2015",2105.13,2126.22,2105.13,2123.48,2123.48,3127960000
"May 26, 2015",2125.34,2125.34,2099.18,2104.2,2104.2,3342130000
"May 22, 2015",2130.36,2132.15,2126.06,2126.06,2126.06,2571860000
"May 21, 2015",2125.55,2134.28,2122.95,2130.82,2130.82,3070460000
"May 20, 2015",2127.79,2134.72,2122.59,2125.85,2125.85,3025880000
"May 19, 2015",2129.45,2133.02,2124.5,2127.83,2127.83,3296030000
"May 18, 2015",2121.3,2131.78,2120.01,2129.2,2129.2,2888190000
"May 15, 2015",2122.07,2123.89,2116.81,2122.73,2122.73,3092080000
"May 14, 2015",2100.43,2121.45,2100.43,2121.1,2121.1,3225740000
"May 13, 2015",2099.62,2110.19,2096.04,2098.48,2098.48,3374260000
"May 12, 2015",2102.87,2105.06,2085.57,2099.12,2099.12,3139520000
"May 11, 2015",2115.56,2117.69,2104.58,2105.33,2105.33,2992670000
"May 08, 2015",2092.13,2117.66,2092.13,2116.1,2116.1,3399440000
"May 07, 2015",2079.96,2092.9,2074.99,2088,2088,3676640000
"May 06, 2015",2091.26,2098.42,2067.93,2080.15,2080.15,3792210000
"May 05, 2015",2112.63,2115.24,2088.46,2089.46,2089.46,3793950000
"May 04, 2015",2110.23,2120.95,2110.23,2114.49,2114.49,3091580000
"May 01, 2015",2087.38,2108.41,2087.38,2108.29,2108.29,3379390000
"Apr 30, 2015",2105.52,2105.52,2077.59,2085.51,2085.51,4509680000
"Apr 29, 2015",2112.49,2113.65,2097.41,2106.85,2106.85,4074970000
"Apr 28, 2015",2108.35,2116.04,2094.89,2114.76,2114.76,3546270000
"Apr 27, 2015",2119.29,2125.92,2107.04,2108.92,2108.92,3438750000
"Apr 24, 2015",2112.8,2120.92,2112.8,2117.69,2117.69,3375780000
"Apr 23, 2015",2107.21,2120.49,2103.19,2112.93,2112.93,3636670000
"Apr 22, 2015",2098.27,2109.98,2091.05,2107.96,2107.96,3348480000
"Apr 21, 2015",2102.82,2109.64,2094.38,2097.29,2097.29,3243410000
"Apr 20, 2015",2084.11,2103.94,2084.11,2100.4,2100.4,3000160000
"Apr 17, 2015",2102.58,2102.58,2072.37,2081.18,2081.18,3627600000
"Apr 16, 2015",2105.96,2111.3,2100.02,2104.99,2104.99,3434120000
"Apr 15, 2015",2097.82,2111.91,2097.82,2106.63,2106.63,4013760000
"Apr 14, 2015",2092.28,2098.62,2083.24,2095.84,2095.84,3301270000
"Apr 13, 2015",2102.03,2107.65,2092.33,2092.43,2092.43,2908420000
"Apr 10, 2015",2091.51,2102.61,2091.51,2102.06,2102.06,3156200000
"Apr 09, 2015",2081.29,2093.31,2074.29,2091.18,2091.18,3172360000
"Apr 08, 2015",2076.94,2086.69,2073.3,2081.9,2081.9,3265330000
"Apr 07, 2015",2080.79,2089.81,2076.1,2076.33,2076.33,3065510000
"Apr 06, 2015",2064.87,2086.99,2056.52,2080.62,2080.62,3302970000
"Apr 02, 2015",2060.03,2072.17,2057.32,2066.96,2066.96,3095960000
"Apr 01, 2015",2067.63,2067.63,2048.38,2059.69,2059.69,3543270000
"Mar 31, 2015",2084.05,2084.05,2067.04,2067.89,2067.89,3376550000
"Mar 30, 2015",2064.11,2088.97,2064.11,2086.24,2086.24,2917690000
"Mar 27, 2015",2055.78,2062.83,2052.96,2061.02,2061.02,3008550000
"Mar 26, 2015",2059.94,2067.15,2045.5,2056.15,2056.15,3510670000
"Mar 25, 2015",2093.1,2097.43,2061.05,2061.05,2061.05,3521140000
"Mar 24, 2015",2103.94,2107.63,2091.5,2091.5,2091.5,3189820000
"Mar 23, 2015",2107.99,2114.86,2104.42,2104.42,2104.42,3267960000
"Mar 20, 2015",2090.32,2113.92,2090.32,2108.1,2108.1,5554120000
"Mar 19, 2015",2098.69,2098.69,2085.56,2089.27,2089.27,3305220000
"Mar 18, 2015",2072.84,2106.85,2061.23,2099.5,2099.5,4128210000
"Mar 17, 2015",2080.59,2080.59,2065.08,2074.28,2074.28,3221840000
"Mar 16, 2015",2055.35,2081.41,2055.35,2081.19,2081.19,3295600000
"Mar 13, 2015",2064.56,2064.56,2041.17,2053.4,2053.4,3498560000
"Mar 12, 2015",2041.1,2066.41,2041.1,2065.95,2065.95,3405860000
"Mar 11, 2015",2044.69,2050.08,2039.69,2040.24,2040.24,3406570000
"Mar 10, 2015",2076.14,2076.14,2044.16,2044.16,2044.16,3668900000
"Mar 09, 2015",2072.25,2083.49,2072.21,2079.43,2079.43,3349090000
"Mar 06, 2015",2100.91,2100.91,2067.27,2071.26,2071.26,3853570000
"Mar 05, 2015",2098.54,2104.25,2095.22,2101.04,2101.04,3103030000
"Mar 04, 2015",2107.72,2107.72,2094.49,2098.53,2098.53,3421110000
"Mar 03, 2015",2115.76,2115.76,2098.26,2107.78,2107.78,3262300000
"Mar 02, 2015",2105.23,2117.52,2104.5,2117.39,2117.39,3409490000
"Feb 27, 2015",2110.88,2112.74,2103.75,2104.5,2104.5,3547380000
"Feb 26, 2015",2113.91,2113.91,2103.76,2110.74,2110.74,3408690000
"Feb 25, 2015",2115.3,2119.59,2109.89,2113.86,2113.86,3312340000
"Feb 24, 2015",2109.1,2117.94,2105.87,2115.48,2115.48,3199840000
"Feb 23, 2015",2109.83,2110.05,2103,2109.66,2109.66,3093680000
"Feb 20, 2015",2097.65,2110.61,2085.44,2110.3,2110.3,3281600000
"Feb 19, 2015",2099.25,2102.13,2090.79,2097.45,2097.45,3247100000
"Feb 18, 2015",2099.16,2100.23,2092.15,2099.68,2099.68,3370020000
"Feb 17, 2015",2096.47,2101.3,2089.8,2100.34,2100.34,3361750000
"Feb 13, 2015",2088.78,2097.03,2086.7,2096.99,2096.99,3527450000
"Feb 12, 2015",2069.98,2088.53,2069.98,2088.48,2088.48,3788350000
"Feb 11, 2015",2068.55,2073.48,2057.99,2068.53,2068.53,3596860000
"Feb 10, 2015",2049.38,2070.86,2048.62,2068.59,2068.59,3669850000
"Feb 09, 2015",2053.47,2056.16,2041.88,2046.74,2046.74,3549540000
"Feb 06, 2015",2062.28,2072.4,2049.97,2055.47,2055.47,4232970000
"Feb 05, 2015",2043.45,2063.55,2043.45,2062.52,2062.52,3821990000
"Feb 04, 2015",2048.86,2054.74,2036.72,2041.51,2041.51,4141920000
"Feb 03, 2015",2022.71,2050.3,2022.71,2050.03,2050.03,4615900000
"Feb 02, 2015",1996.67,2021.66,1980.9,2020.85,2020.85,4008330000
"Jan 30, 2015",2019.35,2023.32,1993.38,1994.99,1994.99,4568650000
"Jan 29, 2015",2002.45,2024.64,1989.18,2021.25,2021.25,4127140000
"Jan 28, 2015",2032.34,2042.49,2001.49,2002.16,2002.16,4067530000
"Jan 27, 2015",2047.86,2047.86,2019.91,2029.55,2029.55,3329810000
"Jan 26, 2015",2050.42,2057.62,2040.97,2057.09,2057.09,3465760000
"Jan 23, 2015",2062.98,2062.98,2050.54,2051.82,2051.82,3573560000
"Jan 22, 2015",2034.3,2064.62,2026.38,2063.15,2063.15,4176050000
"Jan 21, 2015",2020.19,2038.29,2012.04,2032.12,2032.12,3730070000
"Jan 20, 2015",2020.76,2028.94,2004.49,2022.55,2022.55,3944340000
"Jan 16, 2015",1992.25,2020.46,1988.12,2019.42,2019.42,4056410000
"Jan 15, 2015",2013.75,2021.35,1991.47,1992.67,1992.67,4276720000
"Jan 14, 2015",2018.4,2018.4,1988.44,2011.27,2011.27,4378680000
"Jan 13, 2015",2031.58,2056.93,2008.25,2023.03,2023.03,4107300000
"Jan 12, 2015",2046.13,2049.3,2022.58,2028.26,2028.26,3456460000
"Jan 09, 2015",2063.45,2064.43,2038.33,2044.81,2044.81,3364140000
"Jan 08, 2015",2030.61,2064.08,2030.61,2062.14,2062.14,3934010000
"Jan 07, 2015",2005.55,2029.61,2005.55,2025.9,2025.9,3805480000
"Jan 06, 2015",2022.15,2030.25,1992.44,2002.61,2002.61,4460110000
"Jan 05, 2015",2054.44,2054.44,2017.34,2020.58,2020.58,3799120000
"Jan 02, 2015",2058.9,2072.36,2046.04,2058.2,2058.2,2708700000
"Dec 31, 2014",2082.11,2085.58,2057.94,2058.9,2058.9,2606070000
"Dec 30, 2014",2088.49,2088.49,2079.53,2080.35,2080.35,2440280000
"Dec 29, 2014",2087.63,2093.55,2085.75,2090.57,2090.57,2452360000
"Dec 26, 2014",2084.3,2092.7,2084.3,2088.77,2088.77,1735230000
"Dec 24, 2014",2083.25,2087.56,2081.86,2081.88,2081.88,1416980000
"Dec 23, 2014",2081.48,2086.73,2079.77,2082.17,2082.17,3043950000
"Dec 22, 2014",2069.28,2078.76,2069.28,2078.54,2078.54,3369520000
"Dec 19, 2014",2061.04,2077.85,2061.03,2070.65,2070.65,6465530000
"Dec 18, 2014",2018.98,2061.23,2018.98,2061.23,2061.23,4703380000
"Dec 17, 2014",1973.77,2016.75,1973.77,2012.89,2012.89,4942370000
"Dec 16, 2014",1986.71,2016.89,1972.56,1972.74,1972.74,4958680000
"Dec 15, 2014",2005.03,2018.69,1982.26,1989.63,1989.63,4361990000
"Dec 12, 2014",2030.36,2032.25,2002.33,2002.33,2002.33,4157650000
"Dec 11, 2014",2027.92,2055.53,2027.92,2035.33,2035.33,3917950000
"Dec 10, 2014",2058.86,2058.86,2024.26,2026.14,2026.14,4114440000
"Dec 09, 2014",2056.55,2060.6,2034.17,2059.82,2059.82,3970150000
"Dec 08, 2014",2074.84,2075.78,2054.27,2060.31,2060.31,3800990000
"Dec 05, 2014",2072.78,2079.47,2070.81,2075.37,2075.37,3419620000
"Dec 04, 2014",2073.64,2077.34,2062.34,2071.92,2071.92,3408340000
"Dec 03, 2014",2067.45,2076.28,2066.65,2074.33,2074.33,3612680000
"Dec 02, 2014",2053.77,2068.77,2053.77,2066.55,2066.55,3686650000
"Dec 01, 2014",2065.78,2065.78,2049.57,2053.44,2053.44,4159010000
"Nov 28, 2014",2074.78,2075.76,2065.06,2067.56,2067.56,2504640000
"Nov 26, 2014",2067.36,2073.29,2066.62,2072.83,2072.83,2745260000
"Nov 25, 2014",2070.15,2074.21,2064.75,2067.03,2067.03,3392940000
"Nov 24, 2014",2065.07,2070.17,2065.07,2069.41,2069.41,3128060000
"Nov 21, 2014",2057.46,2071.46,2056.75,2063.5,2063.5,3916420000
"Nov 20, 2014",2045.87,2053.84,2040.49,2052.75,2052.75,3128290000
"Nov 19, 2014",2051.16,2052.14,2040.37,2048.72,2048.72,3390850000
"Nov 18, 2014",2041.48,2056.08,2041.48,2051.8,2051.8,3416190000
"Nov 17, 2014",2038.29,2043.07,2034.46,2041.32,2041.32,3152890000
"Nov 14, 2014",2039.74,2042.22,2035.2,2039.82,2039.82,3227130000
"Nov 13, 2014",2039.21,2046.18,2030.44,2039.33,2039.33,3455270000
"Nov 12, 2014",2037.75,2040.33,2031.95,2038.25,2038.25,3246650000
"Nov 11, 2014",2038.2,2041.28,2035.28,2039.68,2039.68,2958320000
"Nov 10, 2014",2032.01,2038.7,2030.17,2038.26,2038.26,3284940000
"Nov 07, 2014",2032.36,2034.26,2025.07,2031.92,2031.92,3704280000
"Nov 06, 2014",2023.33,2031.61,2015.86,2031.21,2031.21,3669770000
"Nov 05, 2014",2015.29,2023.77,2014.42,2023.57,2023.57,3766590000
"Nov 04, 2014",2015.81,2015.98,2001.01,2012.1,2012.1,3956260000
"Nov 03, 2014",2018.21,2024.46,2013.68,2017.81,2017.81,3555440000
"Oct 31, 2014",2001.2,2018.19,2001.2,2018.05,2018.05,4292290000
"Oct 30, 2014",1979.49,1999.4,1974.75,1994.65,1994.65,3586150000
"Oct 29, 2014",1983.29,1991.4,1969.04,1982.3,1982.3,3740350000
"Oct 28, 2014",1964.14,1985.05,1964.14,1985.05,1985.05,3653260000
"Oct 27, 2014",1962.97,1964.64,1951.37,1961.63,1961.63,3538860000
"Oct 24, 2014",1951.59,1965.27,1946.27,1964.58,1964.58,3078380000
"Oct 23, 2014",1931.02,1961.95,1931.02,1950.82,1950.82,3789250000
"Oct 22, 2014",1941.29,1949.31,1926.83,1927.11,1927.11,3761930000
"Oct 21, 2014",1909.38,1942.45,1909.38,1941.28,1941.28,3987090000
"Oct 20, 2014",1885.62,1905.03,1882.3,1904.01,1904.01,3331210000
"Oct 17, 2014",1864.91,1898.16,1864.91,1886.76,1886.76,4482120000
"Oct 16, 2014",1855.95,1876.01,1835.02,1862.76,1862.76,5073150000
"Oct 15, 2014",1874.18,1874.18,1820.66,1862.49,1862.49,6090800000
"Oct 14, 2014",1877.11,1898.71,1871.79,1877.7,1877.7,4812010000
"Oct 13, 2014",1905.65,1912.09,1874.14,1874.74,1874.74,4352580000
"Oct 10, 2014",1925.63,1936.98,1906.05,1906.13,1906.13,4550540000
"Oct 09, 2014",1967.68,1967.68,1927.56,1928.21,1928.21,4344020000
"Oct 08, 2014",1935.55,1970.36,1925.25,1968.89,1968.89,4441890000
"Oct 07, 2014",1962.36,1962.36,1934.87,1935.1,1935.1,3687870000
"Oct 06, 2014",1970.01,1977.84,1958.43,1964.82,1964.82,3358220000
"Oct 03, 2014",1948.12,1971.19,1948.12,1967.9,1967.9,3560970000
"Oct 02, 2014",1945.83,1952.32,1926.03,1946.17,1946.17,4012510000
"Oct 01, 2014",1971.44,1971.44,1941.72,1946.16,1946.16,4188590000
"Sep 30, 2014",1978.21,1985.17,1968.96,1972.29,1972.29,3951100000
"Sep 29, 2014",1978.96,1981.28,1964.04,1977.8,1977.8,3094440000
"Sep 26, 2014",1966.22,1986.37,1966.22,1982.85,1982.85,2929440000
"Sep 25, 2014",1997.32,1997.32,1965.99,1965.99,1965.99,3273050000
"Sep 24, 2014",1983.34,1999.79,1978.63,1998.3,1998.3,3313850000
"Sep 23, 2014",1992.78,1995.41,1982.77,1982.77,1982.77,3279350000
"Sep 22, 2014",2009.08,2009.08,1991.01,1994.29,1994.29,3349670000
"Sep 19, 2014",2012.74,2019.26,2006.59,2010.4,2010.4,4880220000
"Sep 18, 2014",2003.07,2012.34,2003.07,2011.36,2011.36,3235340000
"Sep 17, 2014",1999.3,2010.74,1993.29,2001.57,2001.57,3209420000
"Sep 16, 2014",1981.93,2002.28,1979.06,1998.98,1998.98,3160310000
"Sep 15, 2014",1986.04,1987.18,1978.48,1984.13,1984.13,2776530000
"Sep 12, 2014",1996.74,1996.74,1980.26,1985.54,1985.54,3206570000
"Sep 11, 2014",1992.85,1997.65,1985.93,1997.45,1997.45,2941690000
"Sep 10, 2014",1988.41,1996.66,1982.99,1995.69,1995.69,2912430000
"Sep 09, 2014",2000.73,2001.01,1984.61,1988.44,1988.44,2882830000
"Sep 08, 2014",2007.17,2007.17,1995.6,2001.54,2001.54,2789090000
"Sep 05, 2014",1998,2007.71,1990.1,2007.71,2007.71,2818300000
"Sep 04, 2014",2001.67,2011.17,1992.54,1997.65,1997.65,3072410000
"Sep 03, 2014",2003.57,2009.28,1998.14,2000.72,2000.72,2809980000
"Sep 02, 2014",2004.07,2006.12,1994.85,2002.28,2002.28,2819980000
"Aug 29, 2014",1998.45,2003.38,1994.65,2003.37,2003.37,2259130000
"Aug 28, 2014",1997.42,1998.55,1990.52,1996.74,1996.74,2282400000
"Aug 27, 2014",2000.54,2002.14,1996.2,2000.12,2000.12,2344350000
"Aug 26, 2014",1998.59,2005.04,1998.59,2000.02,2000.02,2451950000
"Aug 25, 2014",1991.74,2001.95,1991.74,1997.92,1997.92,2233880000
"Aug 22, 2014",1992.6,1993.54,1984.76,1988.4,1988.4,2301860000
"Aug 21, 2014",1986.82,1994.76,1986.82,1992.37,1992.37,2638920000
"Aug 20, 2014",1980.46,1988.57,1977.68,1986.51,1986.51,2579560000
"Aug 19, 2014",1972.73,1982.57,1972.73,1981.6,1981.6,2656430000
"Aug 18, 2014",1958.36,1971.99,1958.36,1971.74,1971.74,2638160000
"Aug 15, 2014",1958.87,1964.04,1941.5,1955.06,1955.06,3023380000
"Aug 14, 2014",1947.41,1955.23,1947.41,1955.18,1955.18,2609460000
"Aug 13, 2014",1935.6,1948.41,1935.6,1946.72,1946.72,2718020000
"Aug 12, 2014",1935.73,1939.65,1928.29,1933.75,1933.75,2611700000
"Aug 11, 2014",1933.43,1944.9,1933.43,1936.92,1936.92,2784890000
"Aug 08, 2014",1910.35,1932.38,1909.01,1931.59,1931.59,2902280000
"Aug 07, 2014",1923.03,1928.89,1904.78,1909.57,1909.57,3230520000
"Aug 06, 2014",1917.29,1927.91,1911.45,1920.24,1920.24,3539150000
"Aug 05, 2014",1936.34,1936.34,1913.77,1920.21,1920.21,3462520000
"Aug 04, 2014",1926.62,1942.92,1921.2,1938.99,1938.99,3072920000
"Aug 01, 2014",1929.8,1937.35,1916.37,1925.15,1925.15,3789660000
"Jul 31, 2014",1965.14,1965.14,1930.67,1930.67,1930.67,4193000000
"Jul 30, 2014",1973.21,1978.9,1962.42,1970.07,1970.07,3448250000
"Jul 29, 2014",1980.03,1984.85,1969.95,1969.95,1969.95,3183300000
"Jul 28, 2014",1978.25,1981.52,1967.31,1978.91,1978.91,2803320000
"Jul 25, 2014",1984.6,1984.6,1974.37,1978.34,1978.34,2638960000
"Jul 24, 2014",1988.07,1991.39,1985.79,1987.98,1987.98,3203530000
"Jul 23, 2014",1985.32,1989.23,1982.44,1987.01,1987.01,2869720000
"Jul 22, 2014",1975.65,1986.24,1975.65,1983.53,1983.53,2890480000
"Jul 21, 2014",1976.93,1976.93,1965.77,1973.63,1973.63,2611160000
"Jul 18, 2014",1961.54,1979.91,1960.82,1978.22,1978.22,3106060000
"Jul 17, 2014",1979.75,1981.8,1955.59,1958.12,1958.12,3381680000
"Jul 16, 2014",1976.35,1983.94,1975.67,1981.57,1981.57,3390950000
"Jul 15, 2014",1977.36,1982.52,1965.34,1973.28,1973.28,3328740000
"Jul 14, 2014",1969.86,1979.85,1969.86,1977.1,1977.1,2744920000
"Jul 11, 2014",1965.76,1968.67,1959.63,1967.57,1967.57,2684630000
"Jul 10, 2014",1966.67,1969.84,1952.86,1964.68,1964.68,3165690000
"Jul 09, 2014",1965.1,1974.15,1965.1,1972.83,1972.83,2858800000
"Jul 08, 2014",1976.39,1976.39,1959.46,1963.71,1963.71,3302430000
"Jul 07, 2014",1984.22,1984.22,1974.88,1977.65,1977.65,2681260000
"Jul 03, 2014",1975.88,1985.59,1975.88,1985.44,1985.44,1998090000
"Jul 02, 2014",1973.06,1976.67,1972.58,1974.62,1974.62,2851480000
"Jul 01, 2014",1962.29,1978.58,1962.29,1973.32,1973.32,3188240000
"Jun 30, 2014",1960.79,1964.24,1958.22,1960.23,1960.23,3037350000
"Jun 27, 2014",1956.56,1961.47,1952.18,1960.96,1960.96,4290590000
"Jun 26, 2014",1959.89,1959.89,1944.69,1957.22,1957.22,2778840000
"Jun 25, 2014",1949.27,1960.83,1947.49,1959.53,1959.53,3106710000
"Jun 24, 2014",1961.97,1968.17,1948.34,1949.98,1949.98,3089700000
"Jun 23, 2014",1962.92,1963.74,1958.89,1962.61,1962.61,2717630000
"Jun 20, 2014",1960.45,1963.91,1959.17,1962.87,1962.87,4336240000
"Jun 19, 2014",1957.5,1959.87,1952.26,1959.48,1959.48,2952150000
"Jun 18, 2014",1942.73,1957.74,1939.29,1956.98,1956.98,3065220000
"Jun 17, 2014",1937.15,1943.69,1933.55,1941.99,1941.99,2971260000
"Jun 16, 2014",1934.84,1941.15,1930.91,1937.78,1937.78,2926130000
"Jun 13, 2014",1930.8,1937.3,1927.69,1936.16,1936.16,2598230000
"Jun 12, 2014",1943.35,1943.35,1925.78,1930.11,1930.11,3040480000
"Jun 11, 2014",1949.37,1949.37,1940.08,1943.89,1943.89,2710620000
"Jun 10, 2014",1950.34,1950.86,1944.64,1950.79,1950.79,2702360000
"Jun 09, 2014",1948.97,1955.55,1947.16,1951.27,1951.27,2812180000
"Jun 06, 2014",1942.41,1949.44,1942.41,1949.44,1949.44,2864300000
"Jun 05, 2014",1928.52,1941.74,1922.93,1940.46,1940.46,3113270000
"Jun 04, 2014",1923.06,1928.63,1918.6,1927.88,1927.88,2793920000
"Jun 03, 2014",1923.07,1925.07,1918.79,1924.24,1924.24,2867180000
"Jun 02, 2014",1923.87,1925.88,1915.98,1924.97,1924.97,2509020000
"May 30, 2014",1920.33,1924.03,1916.64,1923.57,1923.57,3263490000
"May 29, 2014",1910.6,1920.03,1909.82,1920.03,1920.03,2709050000
"May 28, 2014",1911.77,1914.46,1907.3,1909.78,1909.78,2976450000
"May 27, 2014",1902.01,1912.28,1902.01,1911.91,1911.91,2911020000
"May 23, 2014",1893.32,1901.26,1893.32,1900.53,1900.53,2396280000
"May 22, 2014",1888.19,1896.33,1885.39,1892.49,1892.49,2759800000
"May 21, 2014",1873.34,1888.8,1873.34,1888.03,1888.03,2777140000
"May 20, 2014",1884.88,1884.88,1868.14,1872.83,1872.83,3007700000
"May 19, 2014",1876.66,1886,1872.42,1885.08,1885.08,2664250000
"May 16, 2014",1871.19,1878.28,1864.82,1877.86,1877.86,3173650000
"May 15, 2014",1888.16,1888.16,1862.36,1870.85,1870.85,3552640000
"May 14, 2014",1897.13,1897.13,1885.77,1888.53,1888.53,2822060000
"May 13, 2014",1896.75,1902.17,1896.06,1897.45,1897.45,2915680000
"May 12, 2014",1880.03,1897.13,1880.03,1896.65,1896.65,3005740000
"May 09, 2014",1875.27,1878.57,1867.02,1878.48,1878.48,3025020000
"May 08, 2014",1877.39,1889.07,1870.05,1875.63,1875.63,3393420000
"May 07, 2014",1868.53,1878.83,1859.79,1878.21,1878.21,3632950000
"May 06, 2014",1883.69,1883.69,1867.72,1867.72,1867.72,3327260000
"May 05, 2014",1879.45,1885.51,1866.77,1884.66,1884.66,2733730000
"May 02, 2014",1885.3,1891.33,1878.5,1881.14,1881.14,3159560000
"May 01, 2014",1884.39,1888.59,1878.04,1883.68,1883.68,3416740000
"Apr 30, 2014",1877.1,1885.2,1872.69,1883.95,1883.95,3779230000
"Apr 29, 2014",1870.78,1880.6,1870.78,1878.33,1878.33,3647820000
"Apr 28, 2014",1865,1877.01,1850.61,1869.43,1869.43,4034680000
"Apr 25, 2014",1877.72,1877.72,1859.7,1863.4,1863.4,3213020000
"Apr 24, 2014",1881.97,1884.06,1870.24,1878.61,1878.61,3191830000
"Apr 23, 2014",1879.32,1879.75,1873.91,1875.39,1875.39,3085720000
"Apr 22, 2014",1872.57,1884.89,1872.57,1879.55,1879.55,3215440000
"Apr 21, 2014",1865.79,1871.89,1863.18,1871.89,1871.89,2642500000
"Apr 17, 2014",1861.73,1869.63,1856.72,1864.85,1864.85,3341430000
"Apr 16, 2014",1846.01,1862.31,1846.01,1862.31,1862.31,3155080000
"Apr 15, 2014",1831.45,1844.02,1816.29,1842.98,1842.98,3736440000
"Apr 14, 2014",1818.18,1834.19,1815.8,1830.61,1830.61,3111540000
"Apr 11, 2014",1830.65,1835.07,1814.36,1815.69,1815.69,3743460000
"Apr 10, 2014",1872.28,1872.53,1830.87,1833.08,1833.08,3758780000
"Apr 09, 2014",1852.64,1872.43,1852.38,1872.18,1872.18,3308650000
"Apr 08, 2014",1845.48,1854.95,1837.49,1851.96,1851.96,3721450000
"Apr 07, 2014",1863.92,1864.04,1841.48,1845.04,1845.04,3801540000
"Apr 04, 2014",1890.25,1897.28,1863.26,1865.09,1865.09,3583750000
"Apr 03, 2014",1891.43,1893.8,1882.65,1888.77,1888.77,3055600000
"Apr 02, 2014",1886.61,1893.17,1883.79,1890.9,1890.9,3131660000
"Apr 01, 2014",1873.96,1885.84,1873.96,1885.52,1885.52,3336190000
"Mar 31, 2014",1859.16,1875.18,1859.16,1872.34,1872.34,3274300000
"Mar 28, 2014",1850.07,1866.63,1850.07,1857.62,1857.62,2955520000
"Mar 27, 2014",1852.11,1855.55,1842.11,1849.04,1849.04,3733430000
"Mar 26, 2014",1867.09,1875.92,1852.56,1852.56,1852.56,3480850000
"Mar 25, 2014",1859.48,1871.87,1855.96,1865.62,1865.62,3200560000
"Mar 24, 2014",1867.67,1873.34,1849.69,1857.44,1857.44,3409000000
"Mar 21, 2014",1874.53,1883.97,1863.46,1866.52,1866.52,5270710000
"Mar 20, 2014",1860.09,1873.49,1854.63,1872.01,1872.01,3327540000
"Mar 19, 2014",1872.25,1874.14,1850.35,1860.77,1860.77,3289210000
"Mar 18, 2014",1858.92,1873.76,1858.92,1872.25,1872.25,2930190000
"Mar 17, 2014",1842.81,1862.3,1842.81,1858.83,1858.83,2860490000
"Mar 14, 2014",1845.07,1852.44,1839.57,1841.13,1841.13,3285460000
"Mar 13, 2014",1869.06,1874.4,1841.86,1846.34,1846.34,3670990000
"Mar 12, 2014",1866.15,1868.38,1854.38,1868.2,1868.2,3270860000
"Mar 11, 2014",1878.26,1882.35,1863.88,1867.63,1867.63,3392400000
"Mar 10, 2014",1877.86,1877.87,1867.04,1877.17,1877.17,3021350000
"Mar 07, 2014",1878.52,1883.57,1870.56,1878.04,1878.04,3564740000
"Mar 06, 2014",1874.18,1881.94,1874.18,1877.03,1877.03,3360450000
"Mar 05, 2014",1874.05,1876.53,1871.11,1873.81,1873.81,3392990000
"Mar 04, 2014",1849.23,1876.23,1849.23,1873.91,1873.91,3765770000
"Mar 03, 2014",1857.68,1857.68,1834.44,1845.73,1845.73,3428220000
"Feb 28, 2014",1855.12,1867.92,1847.67,1859.45,1859.45,3917450000
"Feb 27, 2014",1844.9,1854.53,1841.13,1854.29,1854.29,3547460000
"Feb 26, 2014",1845.79,1852.65,1840.66,1845.16,1845.16,3716730000
"Feb 25, 2014",1847.66,1852.91,1840.19,1845.12,1845.12,3515560000
"Feb 24, 2014",1836.78,1858.71,1836.78,1847.61,1847.61,4014530000
"Feb 21, 2014",1841.07,1846.13,1835.6,1836.25,1836.25,3403880000
"Feb 20, 2014",1829.24,1842.79,1824.58,1839.78,1839.78,3404980000
"Feb 19, 2014",1838.9,1847.5,1826.99,1828.75,1828.75,3661570000
"Feb 18, 2014",1839.03,1842.87,1835.01,1840.76,1840.76,3421110000
"Feb 14, 2014",1828.46,1841.65,1825.59,1838.63,1838.63,3114750000
"Feb 13, 2014",1814.82,1830.25,1809.22,1829.83,1829.83,3289510000
"Feb 12, 2014",1820.12,1826.55,1815.97,1819.26,1819.26,3326380000
"Feb 11, 2014",1800.45,1823.54,1800.41,1819.75,1819.75,3699380000
"Feb 10, 2014",1796.2,1799.94,1791.83,1799.84,1799.84,3312160000
"Feb 07, 2014",1776.01,1798.03,1776.01,1797.02,1797.02,3775990000
"Feb 06, 2014",1752.99,1774.06,1752.99,1773.43,1773.43,3825410000
"Feb 05, 2014",1753.38,1755.79,1737.92,1751.64,1751.64,3984290000
"Feb 04, 2014",1743.82,1758.73,1743.82,1755.2,1755.2,4068410000
"Feb 03, 2014",1782.68,1784.83,1739.66,1741.89,1741.89,4726040000
"Jan 31, 2014",1790.88,1793.88,1772.26,1782.59,1782.59,4059690000
"Jan 30, 2014",1777.17,1798.77,1777.17,1794.19,1794.19,3547510000
"Jan 29, 2014",1790.15,1790.15,1770.45,1774.2,1774.2,3964020000
"Jan 28, 2014",1783,1793.87,1779.49,1792.5,1792.5,3437830000
"Jan 27, 2014",1791.03,1795.98,1772.88,1781.56,1781.56,4045200000
"Jan 24, 2014",1826.96,1826.96,1790.29,1790.29,1790.29,4618450000
"Jan 23, 2014",1842.29,1842.29,1820.06,1828.46,1828.46,3972250000
"Jan 22, 2014",1844.71,1846.87,1840.88,1844.86,1844.86,3374170000
"Jan 21, 2014",1841.05,1849.31,1832.38,1843.8,1843.8,3782470000
"Jan 17, 2014",1844.23,1846.04,1835.23,1838.7,1838.7,3626120000
"Jan 16, 2014",1847.99,1847.99,1840.3,1845.89,1845.89,3491310000
"Jan 15, 2014",1840.52,1850.84,1840.52,1848.38,1848.38,3777800000
"Jan 14, 2014",1821.36,1839.26,1821.36,1838.88,1838.88,3353270000
"Jan 13, 2014",1841.26,1843.45,1815.52,1819.2,1819.2,3591350000
"Jan 10, 2014",1840.06,1843.15,1832.43,1842.37,1842.37,3335710000
"Jan 09, 2014",1839,1843.23,1830.38,1838.13,1838.13,3581150000
"Jan 08, 2014",1837.9,1840.02,1831.4,1837.49,1837.49,3652140000
"Jan 07, 2014",1828.71,1840.1,1828.71,1837.88,1837.88,3511750000
"Jan 06, 2014",1832.31,1837.16,1823.73,1826.77,1826.77,3294850000
"Jan 03, 2014",1833.21,1838.24,1829.13,1831.37,1831.37,2774270000
"Jan 02, 2014",1845.86,1845.86,1827.74,1831.98,1831.98,3080600000
"Dec 31, 2013",1842.61,1849.44,1842.41,1848.36,1848.36,2312840000
"Dec 30, 2013",1841.47,1842.47,1838.77,1841.07,1841.07,2293860000
"Dec 27, 2013",1842.97,1844.89,1839.81,1841.4,1841.4,2052920000
"Dec 26, 2013",1834.96,1842.84,1834.96,1842.02,1842.02,1982270000
"Dec 24, 2013",1828.02,1833.32,1828.02,1833.32,1833.32,1307630000
"Dec 23, 2013",1822.92,1829.75,1822.92,1827.99,1827.99,2851540000
"Dec 20, 2013",1810.39,1823.75,1810.25,1818.32,1818.32,5097700000
"Dec 19, 2013",1809,1810.88,1801.35,1809.6,1809.6,3497210000
"Dec 18, 2013",1781.46,1811.08,1767.99,1810.65,1810.65,4327770000
"Dec 17, 2013",1786.47,1786.77,1777.05,1781,1781,3270030000
"Dec 16, 2013",1777.48,1792.22,1777.48,1786.54,1786.54,3209890000
"Dec 13, 2013",1777.98,1780.92,1772.45,1775.32,1775.32,3061070000
"Dec 12, 2013",1781.71,1782.99,1772.28,1775.5,1775.5,3306640000
"Dec 11, 2013",1802.76,1802.97,1780.09,1782.22,1782.22,3472240000
"Dec 10, 2013",1807.6,1808.52,1801.75,1802.62,1802.62,3117150000
"Dec 09, 2013",1806.21,1811.52,1806.21,1808.37,1808.37,3129500000
"Dec 06, 2013",1788.36,1806.04,1788.36,1805.09,1805.09,3150030000
"Dec 05, 2013",1792.82,1792.82,1783.38,1785.03,1785.03,3336880000
"Dec 04, 2013",1793.15,1799.8,1779.09,1792.81,1792.81,3610540000
"Dec 03, 2013",1800.1,1800.1,1787.85,1795.15,1795.15,3475680000
"Dec 02, 2013",1806.55,1810.02,1798.6,1800.9,1800.9,3095430000
"Nov 29, 2013",1808.69,1813.55,1803.98,1805.81,1805.81,1598300000
"Nov 27, 2013",1803.48,1808.27,1802.77,1807.23,1807.23,2613590000
"Nov 26, 2013",1802.87,1808.42,1800.77,1802.75,1802.75,3427120000
"Nov 25, 2013",1806.33,1808.1,1800.58,1802.48,1802.48,2998540000
"Nov 22, 2013",1797.21,1804.84,1794.7,1804.76,1804.76,3055140000
"Nov 21, 2013",1783.52,1797.16,1783.52,1795.85,1795.85,3256630000
"Nov 20, 2013",1789.59,1795.73,1777.23,1781.37,1781.37,3109140000
"Nov 19, 2013",1790.79,1795.51,1784.72,1787.87,1787.87,3224450000
"Nov 18, 2013",1798.82,1802.33,1788,1791.53,1791.53,3168520000
"Nov 15, 2013",1790.66,1798.22,1790.66,1798.18,1798.18,3254820000
"Nov 14, 2013",1782.75,1791.53,1780.22,1790.62,1790.62,3139060000
"Nov 13, 2013",1764.37,1782,1760.64,1782,1782,3327480000
"Nov 12, 2013",1769.51,1771.78,1762.29,1767.69,1767.69,3221030000
"Nov 11, 2013",1769.96,1773.44,1767.85,1771.89,1771.89,2534060000
"Nov 08, 2013",1748.37,1770.78,1747.63,1770.61,1770.61,3837170000
"Nov 07, 2013",1770.74,1774.54,1746.2,1747.15,1747.15,4143200000
"Nov 06, 2013",1765,1773.74,1764.4,1770.49,1770.49,3322100000
"Nov 05, 2013",1765.67,1767.03,1755.76,1762.97,1762.97,3516680000
"Nov 04, 2013",1763.4,1768.78,1761.56,1767.93,1767.93,3194870000
"Nov 01, 2013",1758.7,1765.67,1752.7,1761.64,1761.64,3686290000
"Oct 31, 2013",1763.24,1768.53,1755.72,1756.54,1756.54,3826530000
"Oct 30, 2013",1772.27,1775.22,1757.24,1763.31,1763.31,3523040000
"Oct 29, 2013",1762.93,1772.09,1762.93,1771.95,1771.95,3358460000
"Oct 28, 2013",1759.42,1764.99,1757.67,1762.11,1762.11,3282300000
"Oct 25, 2013",1756.01,1759.82,1752.45,1759.77,1759.77,3175720000
"Oct 24, 2013",1747.48,1753.94,1745.5,1752.07,1752.07,3671700000
"Oct 23, 2013",1752.27,1752.27,1740.5,1746.38,1746.38,3713380000
"Oct 22, 2013",1746.48,1759.33,1746.48,1754.67,1754.67,3850840000
"Oct 21, 2013",1745.2,1747.79,1740.67,1744.66,1744.66,3052710000
"Oct 18, 2013",1736.72,1745.31,1735.74,1744.5,1744.5,3664890000
"Oct 17, 2013",1720.17,1733.45,1714.12,1733.15,1733.15,3453590000
"Oct 16, 2013",1700.49,1721.76,1700.49,1721.54,1721.54,3486180000
"Oct 15, 2013",1709.17,1711.57,1695.93,1698.06,1698.06,3327740000
"Oct 14, 2013",1699.86,1711.03,1692.13,1710.14,1710.14,2580580000
"Oct 11, 2013",1691.09,1703.44,1688.52,1703.2,1703.2,2944670000
"Oct 10, 2013",1660.88,1692.56,1660.88,1692.56,1692.56,3362300000
"Oct 09, 2013",1656.99,1662.47,1646.47,1656.4,1656.4,3577840000
"Oct 08, 2013",1676.22,1676.79,1655.03,1655.45,1655.45,3569230000
"Oct 07, 2013",1687.15,1687.15,1674.7,1676.12,1676.12,2678490000
"Oct 04, 2013",1678.79,1691.94,1677.33,1690.5,1690.5,2880270000
"Oct 03, 2013",1692.35,1692.35,1670.36,1678.66,1678.66,3279650000
"Oct 02, 2013",1691.9,1693.87,1680.34,1693.87,1693.87,3148600000
"Oct 01, 2013",1682.41,1696.55,1682.07,1695,1695,3238690000
"Sep 30, 2013",1687.26,1687.26,1674.99,1681.55,1681.55,3308630000
"Sep 27, 2013",1695.52,1695.52,1687.11,1691.75,1691.75,2951700000
"Sep 26, 2013",1694.05,1703.85,1693.11,1698.67,1698.67,2813930000
"Sep 25, 2013",1698.02,1701.71,1691.88,1692.77,1692.77,3148730000
"Sep 24, 2013",1702.6,1707.63,1694.9,1697.42,1697.42,3268930000
"Sep 23, 2013",1711.44,1711.44,1697.1,1701.84,1701.84,3126950000
"Sep 20, 2013",1722.44,1725.23,1708.89,1709.91,1709.91,5074030000
"Sep 19, 2013",1727.34,1729.86,1720.2,1722.34,1722.34,3740130000
"Sep 18, 2013",1705.74,1729.44,1700.35,1725.52,1725.52,3989760000
"Sep 17, 2013",1697.73,1705.52,1697.73,1704.76,1704.76,2774240000
"Sep 16, 2013",1691.7,1704.95,1691.7,1697.6,1697.6,3079800000
"Sep 13, 2013",1685.04,1688.73,1682.22,1687.99,1687.99,2736500000
"Sep 12, 2013",1689.21,1689.97,1681.96,1683.42,1683.42,3106290000
"Sep 11, 2013",1681.04,1689.13,1678.7,1689.13,1689.13,3135460000
"Sep 10, 2013",1675.11,1684.09,1675.11,1683.99,1683.99,3691800000
"Sep 09, 2013",1656.85,1672.4,1656.85,1671.71,1671.71,3102780000
"Sep 06, 2013",1657.44,1664.83,1640.62,1655.17,1655.17,3123880000
"Sep 05, 2013",1653.28,1659.17,1653.07,1655.08,1655.08,2957110000
"Sep 04, 2013",1640.72,1655.72,1637.41,1653.08,1653.08,3312150000
"Sep 03, 2013",1635.95,1651.35,1633.41,1639.77,1639.77,3731610000
"Aug 30, 2013",1638.89,1640.08,1628.05,1632.97,1632.97,2734300000
"Aug 29, 2013",1633.5,1646.41,1630.88,1638.17,1638.17,2527550000
"Aug 28, 2013",1630.25,1641.18,1627.47,1634.96,1634.96,2784010000
"Aug 27, 2013",1652.54,1652.54,1629.05,1630.48,1630.48,3219190000
"Aug 26, 2013",1664.29,1669.51,1656.02,1656.78,1656.78,2430670000
"Aug 23, 2013",1659.92,1664.85,1654.81,1663.5,1663.5,2582670000
"Aug 22, 2013",1645.03,1659.55,1645.03,1656.96,1656.96,2537460000
"Aug 21, 2013",1650.66,1656.99,1639.43,1642.8,1642.8,2932180000
"Aug 20, 2013",1646.81,1658.92,1646.08,1652.35,1652.35,2994090000
"Aug 19, 2013",1655.25,1659.18,1645.84,1646.06,1646.06,2904530000
"Aug 16, 2013",1661.22,1663.6,1652.61,1655.83,1655.83,3211450000
"Aug 15, 2013",1679.61,1679.61,1658.59,1661.32,1661.32,3426690000
"Aug 14, 2013",1693.88,1695.52,1684.83,1685.39,1685.39,2871430000
