,Date,Open,High,Low,Close*,Adj Close**,Volume
0,"Aug 12, 2016",2183.74,2186.28,2179.42,2184.05,2184.05,3000660000.0
1,"Aug 11, 2016",2177.97,2188.45,2177.97,2185.79,2185.79,3423160000.0
2,"Aug 10, 2016",2182.81,2183.41,2172.0,2175.49,2175.49,3254950000.0
3,"Aug 09, 2016",2182.24,2187.66,2178.61,2181.74,2181.74,3334300000.0
4,"Aug 08, 2016",2183.76,2185.44,2177.85,2180.89,2180.89,3327550000.0
5,"Aug 05, 2016",2168.79,2182.87,2168.79,2182.87,2182.87,3663070000.0
6,"Aug 04, 2016",2163.51,2168.19,2159.07,2164.25,2164.25,3709200000.0
7,"Aug 03, 2016",2156.81,2163.79,2152.56,2163.79,2163.79,3786530000.0
8,"Aug 02, 2016",2169.94,2170.2,2147.58,2157.03,2157.03,3848750000.0
9,"Aug 01, 2016",2173.15,2178.29,2166.21,2170.84,2170.84,3505990000.0
10,"Jul 29, 2016",2168.83,2177.09,2163.49,2173.6,2173.6,4038840000.0
11,"Jul 28, 2016",2166.05,2172.85,2159.74,2170.06,2170.06,3664240000.0
12,"Jul 27, 2016",2169.81,2174.98,2159.07,2166.58,2166.58,3995500000.0
13,"Jul 26, 2016",2168.97,2173.54,2160.18,2169.18,2169.18,3442350000.0
14,"Jul 25, 2016",2173.71,2173.71,2161.95,2168.48,2168.48,3057240000.0
15,"Jul 22, 2016",2166.47,2175.11,2163.24,2175.03,2175.03,3023280000.0
16,"Jul 21, 2016",2172.91,2174.56,2159.75,2165.17,2165.17,3438900000.0
17,"Jul 20, 2016",2166.1,2175.63,2164.89,2173.02,2173.02,3211860000.0
18,"Jul 19, 2016",2163.79,2164.63,2159.01,2163.78,2163.78,2968340000.0
19,"Jul 18, 2016",2162.04,2168.35,2159.63,2166.89,2166.89,3009310000.0
20,"Jul 15, 2016",2165.13,2169.05,2155.79,2161.74,2161.74,3122600000.0
21,"Jul 14, 2016",2157.88,2168.99,2157.88,2163.75,2163.75,3465610000.0
22,"Jul 13, 2016",2153.81,2156.45,2146.21,2152.43,2152.43,3502320000.0
23,"Jul 12, 2016",2139.5,2155.4,2139.5,2152.14,2152.14,4097820000.0
24,"Jul 11, 2016",2131.72,2143.16,2131.72,2137.16,2137.16,3253340000.0
25,"Jul 08, 2016",2106.97,2131.71,2106.97,2129.9,2129.9,3607500000.0
26,"Jul 07, 2016",2100.42,2109.08,2089.39,2097.9,2097.9,3604550000.0
27,"Jul 06, 2016",2084.43,2100.72,2074.02,2099.73,2099.73,3909380000.0
28,"Jul 05, 2016",2095.05,2095.05,2080.86,2088.55,2088.55,3658380000.0
29,"Jul 01, 2016",2099.34,2108.71,2097.9,2102.95,2102.95,3458890000.0
30,"Jun 30, 2016",2073.17,2098.94,2070.0,2098.86,2098.86,4622820000.0
31,"Jun 29, 2016",2042.69,2073.13,2042.69,2070.77,2070.77,4241740000.0
32,"Jun 28, 2016",2006.67,2036.09,2006.67,2036.09,2036.09,4385810000.0
33,"Jun 27, 2016",2031.45,2031.45,1991.68,2000.54,2000.54,5431220000.0
34,"Jun 24, 2016",2103.81,2103.81,2032.57,2037.41,2037.41,7597450000.0
35,"Jun 23, 2016",2092.8,2113.32,2092.8,2113.32,2113.32,3297940000.0
36,"Jun 22, 2016",2089.75,2099.71,2084.36,2085.45,2085.45,3168160000.0
37,"Jun 21, 2016",2085.19,2093.66,2083.02,2088.9,2088.9,3232880000.0
38,"Jun 20, 2016",2075.58,2100.66,2075.58,2083.25,2083.25,3467440000.0
39,"Jun 17, 2016",2078.2,2078.2,2062.84,2071.22,2071.22,4952630000.0
40,"Jun 16, 2016",2066.36,2079.62,2050.37,2077.99,2077.99,3628280000.0
41,"Jun 15, 2016",2077.6,2085.65,2069.8,2071.5,2071.5,3544720000.0
42,"Jun 14, 2016",2076.65,2081.3,2064.1,2075.32,2075.32,3759770000.0
43,"Jun 13, 2016",2091.75,2098.12,2078.46,2079.06,2079.06,3392030000.0
44,"Jun 10, 2016",2109.57,2109.57,2089.96,2096.07,2096.07,3515010000.0
45,"Jun 09, 2016",2115.65,2117.64,2107.73,2115.48,2115.48,3290320000.0
46,"Jun 08, 2016",2112.71,2120.55,2112.71,2119.12,2119.12,3562060000.0
47,"Jun 07, 2016",2110.18,2119.22,2110.18,2112.13,2112.13,3534730000.0
48,"Jun 06, 2016",2100.83,2113.36,2100.83,2109.41,2109.41,3442020000.0
49,"Jun 03, 2016",2104.07,2104.07,2085.36,2099.13,2099.13,3627780000.0
50,"Jun 02, 2016",2097.71,2105.26,2088.59,2105.26,2105.26,3632720000.0
51,"Jun 01, 2016",2093.94,2100.97,2085.1,2099.33,2099.33,3525170000.0
52,"May 31, 2016",2100.13,2103.48,2088.66,2096.95,2096.95,4514410000.0
53,"May 27, 2016",2090.06,2099.06,2090.06,2099.06,2099.06,3079150000.0
54,"May 26, 2016",2091.44,2094.3,2087.08,2090.1,2090.1,3230990000.0
55,"May 25, 2016",2078.93,2094.73,2078.93,2090.54,2090.54,3859160000.0
56,"May 24, 2016",2052.65,2079.67,2052.65,2076.06,2076.06,3627340000.0
57,"May 23, 2016",2052.23,2055.58,2047.26,2048.04,2048.04,3055480000.0
58,"May 20, 2016",2041.88,2058.35,2041.88,2052.32,2052.32,3507650000.0
59,"May 19, 2016",2044.21,2044.21,2025.91,2040.04,2040.04,3846770000.0
60,"May 18, 2016",2044.38,2060.61,2034.49,2047.63,2047.63,4101320000.0
61,"May 17, 2016",2065.04,2065.69,2040.82,2047.21,2047.21,4108960000.0
62,"May 16, 2016",2046.53,2071.88,2046.53,2066.66,2066.66,3501360000.0
63,"May 13, 2016",2062.5,2066.79,2043.13,2046.61,2046.61,3579880000.0
64,"May 12, 2016",2067.17,2073.99,2053.13,2064.11,2064.11,3782390000.0
65,"May 11, 2016",2083.29,2083.29,2064.46,2064.46,2064.46,3821980000.0
66,"May 10, 2016",2062.63,2084.87,2062.63,2084.39,2084.39,3600200000.0
67,"May 09, 2016",2057.55,2064.15,2054.31,2058.69,2058.69,3788620000.0
68,"May 06, 2016",2047.77,2057.72,2039.45,2057.14,2057.14,3796350000.0
69,"May 05, 2016",2052.95,2060.23,2045.77,2050.63,2050.63,4008530000.0
70,"May 04, 2016",2060.3,2060.3,2045.55,2051.12,2051.12,4058560000.0
71,"May 03, 2016",2077.18,2077.18,2054.89,2063.37,2063.37,4173390000.0
72,"May 02, 2016",2067.17,2083.42,2066.11,2081.43,2081.43,3841110000.0
73,"Apr 29, 2016",2071.82,2073.85,2052.28,2065.3,2065.3,4704720000.0
74,"Apr 28, 2016",2090.93,2099.3,2071.62,2075.81,2075.81,4309840000.0
75,"Apr 27, 2016",2092.33,2099.89,2082.31,2095.15,2095.15,4100110000.0
76,"Apr 26, 2016",2089.84,2096.87,2085.8,2091.7,2091.7,3557190000.0
77,"Apr 25, 2016",2089.37,2089.37,2077.52,2087.79,2087.79,3319740000.0
78,"Apr 22, 2016",2091.49,2094.32,2081.2,2091.58,2091.58,3790580000.0
79,"Apr 21, 2016",2102.09,2103.78,2088.52,2091.48,2091.48,4175290000.0
80,"Apr 20, 2016",2101.52,2111.05,2096.32,2102.4,2102.4,4184880000.0
81,"Apr 19, 2016",2096.05,2104.05,2091.68,2100.8,2100.8,3896830000.0
82,"Apr 18, 2016",2078.83,2094.66,2073.65,2094.34,2094.34,3316880000.0
83,"Apr 15, 2016",2083.1,2083.22,2076.31,2080.73,2080.73,3701450000.0
84,"Apr 14, 2016",2082.89,2087.84,2078.13,2082.78,2082.78,3765870000.0
85,"Apr 13, 2016",2065.92,2083.18,2065.92,2082.42,2082.42,4191830000.0
86,"Apr 12, 2016",2043.72,2065.05,2039.74,2061.72,2061.72,4239740000.0
87,"Apr 11, 2016",2050.23,2062.93,2041.88,2041.99,2041.99,3567840000.0
88,"Apr 08, 2016",2045.54,2060.63,2041.69,2047.6,2047.6,3359530000.0
89,"Apr 07, 2016",2063.01,2063.01,2033.8,2041.91,2041.91,3801250000.0
90,"Apr 06, 2016",2045.56,2067.33,2043.09,2066.66,2066.66,3750800000.0
91,"Apr 05, 2016",2062.5,2062.5,2042.56,2045.17,2045.17,4154920000.0
92,"Apr 04, 2016",2073.19,2074.02,2062.57,2066.13,2066.13,3485710000.0
93,"Apr 01, 2016",2056.62,2075.07,2043.98,2072.78,2072.78,3749990000.0
94,"Mar 31, 2016",2063.77,2067.92,2057.46,2059.74,2059.74,3715280000.0
95,"Mar 30, 2016",2058.27,2072.21,2058.27,2063.95,2063.95,3590310000.0
96,"Mar 29, 2016",2035.75,2055.91,2028.31,2055.01,2055.01,3822330000.0
97,"Mar 28, 2016",2037.89,2042.67,2031.96,2037.05,2037.05,2809090000.0
98,"Mar 24, 2016",2032.48,2036.04,2022.49,2035.94,2035.94,3407720000.0
99,"Mar 23, 2016",2048.55,2048.55,2034.86,2036.71,2036.71,3639510000.0
100,"Mar 22, 2016",2048.64,2056.6,2040.57,2049.8,2049.8,3418460000.0
101,"Mar 21, 2016",2047.88,2053.91,2043.14,2051.6,2051.6,3376600000.0
102,"Mar 18, 2016",2041.16,2052.36,2041.16,2049.58,2049.58,6503140000.0
103,"Mar 17, 2016",2026.9,2046.24,2022.16,2040.59,2040.59,4530480000.0
104,"Mar 16, 2016",2014.24,2032.02,2010.04,2027.22,2027.22,4057020000.0
105,"Mar 15, 2016",2015.27,2015.94,2005.23,2015.93,2015.93,3560280000.0
106,"Mar 14, 2016",2019.27,2024.57,2012.05,2019.64,2019.64,3487850000.0
107,"Mar 11, 2016",1994.71,2022.37,1994.71,2022.19,2022.19,4078620000.0
108,"Mar 10, 2016",1990.97,2005.08,1969.25,1989.57,1989.57,4376790000.0
109,"Mar 09, 2016",1981.44,1992.69,1979.84,1989.26,1989.26,4038120000.0
110,"Mar 08, 2016",1996.88,1996.88,1977.43,1979.26,1979.26,4641650000.0
111,"Mar 07, 2016",1996.11,2006.12,1989.38,2001.76,2001.76,4968180000.0
112,"Mar 04, 2016",1994.01,2009.13,1986.77,1999.99,1999.99,6049930000.0
113,"Mar 03, 2016",1985.6,1993.69,1977.37,1993.4,1993.4,5081700000.0
114,"Mar 02, 2016",1976.6,1986.51,1968.8,1986.45,1986.45,4666610000.0
115,"Mar 01, 2016",1937.09,1978.35,1937.09,1978.35,1978.35,4819750000.0
116,"Feb 29, 2016",1947.13,1958.27,1931.81,1932.23,1932.23,4588180000.0
117,"Feb 26, 2016",1954.95,1962.96,1945.78,1948.05,1948.05,4348510000.0
118,"Feb 25, 2016",1931.87,1951.83,1925.41,1951.7,1951.7,4118210000.0
119,"Feb 24, 2016",1917.56,1932.08,1891.0,1929.8,1929.8,4317250000.0
120,"Feb 23, 2016",1942.38,1942.38,1919.44,1921.27,1921.27,3890650000.0
121,"Feb 22, 2016",1924.44,1946.7,1924.44,1945.5,1945.5,4054710000.0
122,"Feb 19, 2016",1916.74,1918.78,1902.17,1917.78,1917.78,4142850000.0
123,"Feb 18, 2016",1927.57,1930.0,1915.09,1917.83,1917.83,4436490000.0
124,"Feb 17, 2016",1898.8,1930.68,1898.8,1926.82,1926.82,5011540000.0
125,"Feb 16, 2016",1871.44,1895.77,1871.44,1895.58,1895.58,4570670000.0
126,"Feb 12, 2016",1833.4,1864.78,1833.4,1864.78,1864.78,4696920000.0
127,"Feb 11, 2016",1847.0,1847.0,1810.1,1829.08,1829.08,5500800000.0
128,"Feb 10, 2016",1857.1,1881.6,1850.32,1851.86,1851.86,4471170000.0
129,"Feb 09, 2016",1848.46,1868.25,1834.94,1852.21,1852.21,5183220000.0
130,"Feb 08, 2016",1873.25,1873.25,1828.46,1853.44,1853.44,5636460000.0
131,"Feb 05, 2016",1913.07,1913.07,1872.65,1880.05,1880.05,4929940000.0
132,"Feb 04, 2016",1911.67,1927.35,1900.52,1915.45,1915.45,5193320000.0
133,"Feb 03, 2016",1907.07,1918.01,1872.23,1912.53,1912.53,5172950000.0
134,"Feb 02, 2016",1935.26,1935.26,1897.29,1903.03,1903.03,4463190000.0
135,"Feb 01, 2016",1936.94,1947.2,1920.3,1939.38,1939.38,4322530000.0
136,"Jan 29, 2016",1894.0,1940.24,1894.0,1940.24,1940.24,5497570000.0
137,"Jan 28, 2016",1885.22,1902.96,1873.65,1893.36,1893.36,4693010000.0
138,"Jan 27, 2016",1902.52,1916.99,1872.7,1882.95,1882.95,4754040000.0
139,"Jan 26, 2016",1878.79,1906.73,1878.79,1903.63,1903.63,4357940000.0
140,"Jan 25, 2016",1906.28,1906.28,1875.97,1877.08,1877.08,4401380000.0
141,"Jan 22, 2016",1877.4,1908.85,1877.4,1906.9,1906.9,4901760000.0
142,"Jan 21, 2016",1861.46,1889.85,1848.98,1868.99,1868.99,5078810000.0
143,"Jan 20, 2016",1876.18,1876.18,1812.29,1859.33,1859.33,6416070000.0
144,"Jan 19, 2016",1888.66,1901.44,1864.6,1881.33,1881.33,4928350000.0
145,"Jan 15, 2016",1916.68,1916.68,1857.83,1880.33,1880.33,5468460000.0
146,"Jan 14, 2016",1891.68,1934.47,1878.93,1921.84,1921.84,5241110000.0
147,"Jan 13, 2016",1940.34,1950.33,1886.41,1890.28,1890.28,5087030000.0
148,"Jan 12, 2016",1927.83,1947.38,1914.35,1938.68,1938.68,4887260000.0
149,"Jan 11, 2016",1926.12,1935.65,1901.1,1923.67,1923.67,4607290000.0
150,"Jan 08, 2016",1945.97,1960.4,1918.46,1922.03,1922.03,4664940000.0
151,"Jan 07, 2016",1985.32,1985.32,1938.83,1943.09,1943.09,5076590000.0
152,"Jan 06, 2016",2011.71,2011.71,1979.05,1990.26,1990.26,4336660000.0
153,"Jan 05, 2016",2013.78,2021.94,2004.17,2016.71,2016.71,3706620000.0
154,"Jan 04, 2016",2038.2,2038.2,1989.68,2012.66,2012.66,4304880000.0
155,"Dec 31, 2015",2060.59,2062.54,2043.62,2043.94,2043.94,2655330000.0
156,"Dec 30, 2015",2077.34,2077.34,2061.97,2063.36,2063.36,2367430000.0
157,"Dec 29, 2015",2060.54,2081.56,2060.54,2078.36,2078.36,2542000000.0
158,"Dec 28, 2015",2057.77,2057.77,2044.2,2056.5,2056.5,2492510000.0
159,"Dec 24, 2015",2063.52,2067.36,2058.73,2060.99,2060.99,1411860000.0
160,"Dec 23, 2015",2042.2,2064.73,2042.2,2064.29,2064.29,3484090000.0
161,"Dec 22, 2015",2023.15,2042.74,2020.49,2038.97,2038.97,3520860000.0
162,"Dec 21, 2015",2010.27,2022.9,2005.93,2021.15,2021.15,3760280000.0
163,"Dec 18, 2015",2040.81,2040.81,2005.33,2005.55,2005.55,6683070000.0
164,"Dec 17, 2015",2073.76,2076.37,2041.66,2041.89,2041.89,4327390000.0
165,"Dec 16, 2015",2046.5,2076.72,2042.43,2073.07,2073.07,4635450000.0
166,"Dec 15, 2015",2025.55,2053.87,2025.55,2043.41,2043.41,4353540000.0
167,"Dec 14, 2015",2013.37,2022.92,1993.26,2021.94,2021.94,4612440000.0
168,"Dec 11, 2015",2047.27,2047.27,2008.8,2012.37,2012.37,4301060000.0
169,"Dec 10, 2015",2047.93,2067.65,2045.67,2052.23,2052.23,3715150000.0
170,"Dec 09, 2015",2061.17,2080.33,2036.53,2047.62,2047.62,4385250000.0
171,"Dec 08, 2015",2073.39,2073.85,2052.32,2063.59,2063.59,4173570000.0
172,"Dec 07, 2015",2090.42,2090.42,2066.78,2077.07,2077.07,4043820000.0
173,"Dec 04, 2015",2051.24,2093.84,2051.24,2091.69,2091.69,4214910000.0
174,"Dec 03, 2015",2080.71,2085.0,2042.35,2049.62,2049.62,4306490000.0
175,"Dec 02, 2015",2101.71,2104.27,2077.11,2079.51,2079.51,3950640000.0
176,"Dec 01, 2015",2082.93,2103.37,2082.93,2102.63,2102.63,3712120000.0
177,"Nov 30, 2015",2090.95,2093.81,2080.41,2080.41,2080.41,4275030000.0
178,"Nov 27, 2015",2088.82,2093.29,2084.13,2090.11,2090.11,1466840000.0
179,"Nov 25, 2015",2089.3,2093.0,2086.3,2088.87,2088.87,2852940000.0
180,"Nov 24, 2015",2084.42,2094.12,2070.29,2089.14,2089.14,3884930000.0
181,"Nov 23, 2015",2089.41,2095.61,2081.39,2086.59,2086.59,3587980000.0
182,"Nov 20, 2015",2082.82,2097.06,2082.82,2089.17,2089.17,3929600000.0
183,"Nov 19, 2015",2083.7,2086.74,2078.76,2081.24,2081.24,3628110000.0
184,"Nov 18, 2015",2051.99,2085.31,2051.99,2083.58,2083.58,3926390000.0
185,"Nov 17, 2015",2053.67,2066.69,2045.9,2050.44,2050.44,4427350000.0
186,"Nov 16, 2015",2022.08,2053.22,2019.39,2053.19,2053.19,3741240000.0
187,"Nov 13, 2015",2044.64,2044.64,2022.02,2023.04,2023.04,4278750000.0
188,"Nov 12, 2015",2072.29,2072.29,2045.66,2045.97,2045.97,4016370000.0
189,"Nov 11, 2015",2083.41,2086.94,2074.85,2075.0,2075.0,3692410000.0
190,"Nov 10, 2015",2077.19,2083.67,2069.91,2081.72,2081.72,3821440000.0
191,"Nov 09, 2015",2096.56,2096.56,2068.24,2078.58,2078.58,3882350000.0
192,"Nov 06, 2015",2098.6,2101.91,2083.74,2099.2,2099.2,4369020000.0
193,"Nov 05, 2015",2101.68,2108.78,2090.41,2099.93,2099.93,4051890000.0
194,"Nov 04, 2015",2110.6,2114.59,2096.98,2102.31,2102.31,4078870000.0
195,"Nov 03, 2015",2102.63,2116.48,2097.51,2109.79,2109.79,4272060000.0
196,"Nov 02, 2015",2080.76,2106.2,2080.76,2104.05,2104.05,3760020000.0
197,"Oct 30, 2015",2090.0,2094.32,2079.34,2079.36,2079.36,4256200000.0
198,"Oct 29, 2015",2088.35,2092.52,2082.63,2089.41,2089.41,4008940000.0
199,"Oct 28, 2015",2066.48,2090.35,2063.11,2090.35,2090.35,4698110000.0
200,"Oct 27, 2015",2068.75,2070.37,2058.84,2065.89,2065.89,4216880000.0
201,"Oct 26, 2015",2075.08,2075.14,2066.53,2071.18,2071.18,3385800000.0
202,"Oct 23, 2015",2058.19,2079.74,2058.19,2075.15,2075.15,4108460000.0
203,"Oct 22, 2015",2021.88,2055.2,2021.88,2052.51,2052.51,4430850000.0
204,"Oct 21, 2015",2033.47,2037.97,2017.22,2018.94,2018.94,3627790000.0
205,"Oct 20, 2015",2033.13,2039.12,2026.61,2030.77,2030.77,3331500000.0
206,"Oct 19, 2015",2031.73,2034.45,2022.31,2033.66,2033.66,3287320000.0
207,"Oct 16, 2015",2024.37,2033.54,2020.46,2033.11,2033.11,3595430000.0
208,"Oct 15, 2015",1996.47,2024.15,1996.47,2023.86,2023.86,3746290000.0
209,"Oct 14, 2015",2003.66,2009.56,1990.73,1994.24,1994.24,3644590000.0
210,"Oct 13, 2015",2015.0,2022.34,2001.78,2003.69,2003.69,3401920000.0
211,"Oct 12, 2015",2015.65,2018.66,2010.55,2017.46,2017.46,2893250000.0
212,"Oct 09, 2015",2013.73,2020.13,2007.61,2014.89,2014.89,3706900000.0
213,"Oct 08, 2015",1994.01,2016.5,1987.53,2013.43,2013.43,3939140000.0
214,"Oct 07, 2015",1982.34,1999.31,1976.44,1995.83,1995.83,4666470000.0
215,"Oct 06, 2015",1986.63,1991.62,1971.99,1979.92,1979.92,4202400000.0
216,"Oct 05, 2015",1954.33,1989.17,1954.33,1987.05,1987.05,4334490000.0
217,"Oct 02, 2015",1921.77,1951.36,1893.7,1951.36,1951.36,4378570000.0
218,"Oct 01, 2015",1919.65,1927.21,1900.7,1923.82,1923.82,3983600000.0
219,"Sep 30, 2015",1887.14,1920.53,1887.14,1920.03,1920.03,4525070000.0
220,"Sep 29, 2015",1881.9,1899.48,1871.91,1884.09,1884.09,4132390000.0
221,"Sep 28, 2015",1929.18,1929.18,1879.21,1881.77,1881.77,4326660000.0
222,"Sep 25, 2015",1935.93,1952.89,1921.5,1931.34,1931.34,3721870000.0
223,"Sep 24, 2015",1934.81,1937.17,1908.92,1932.24,1932.24,4091530000.0
224,"Sep 23, 2015",1943.24,1949.52,1932.57,1938.76,1938.76,3190530000.0
225,"Sep 22, 2015",1961.39,1961.39,1929.22,1942.74,1942.74,3808260000.0
226,"Sep 21, 2015",1960.84,1979.64,1955.8,1966.97,1966.97,3269350000.0
227,"Sep 18, 2015",1989.66,1989.66,1953.45,1958.03,1958.03,6021240000.0
228,"Sep 17, 2015",1995.33,2020.86,1986.73,1990.2,1990.2,4183790000.0
229,"Sep 16, 2015",1978.02,1997.26,1977.93,1995.31,1995.31,3630680000.0
230,"Sep 15, 2015",1955.1,1983.19,1954.3,1978.09,1978.09,3239860000.0
231,"Sep 14, 2015",1963.06,1963.06,1948.27,1953.03,1953.03,3000200000.0
232,"Sep 11, 2015",1951.45,1961.05,1939.19,1961.05,1961.05,3218590000.0
233,"Sep 10, 2015",1941.59,1965.29,1937.19,1952.29,1952.29,3626320000.0
234,"Sep 09, 2015",1971.45,1988.63,1937.88,1942.04,1942.04,3652120000.0
235,"Sep 08, 2015",1927.3,1970.42,1927.3,1969.41,1969.41,3548650000.0
236,"Sep 04, 2015",1947.76,1947.76,1911.21,1921.22,1921.22,3167090000.0
237,"Sep 03, 2015",1950.79,1975.01,1944.72,1951.13,1951.13,3520700000.0
238,"Sep 02, 2015",1916.52,1948.91,1916.52,1948.86,1948.86,3742620000.0
239,"Sep 01, 2015",1970.09,1970.09,1903.07,1913.85,1913.85,4371850000.0
240,"Aug 31, 2015",1986.73,1986.73,1965.98,1972.18,1972.18,3915100000.0
241,"Aug 28, 2015",1986.06,1993.48,1975.19,1988.87,1988.87,3949080000.0
242,"Aug 27, 2015",1942.77,1989.6,1942.77,1987.66,1987.66,5006390000.0
243,"Aug 26, 2015",1872.75,1943.09,1872.75,1940.51,1940.51,5338250000.0
244,"Aug 25, 2015",1898.08,1948.04,1867.08,1867.61,1867.61,5183560000.0
245,"Aug 24, 2015",1965.15,1965.15,1867.01,1893.21,1893.21,6612690000.0
246,"Aug 21, 2015",2034.08,2034.08,1970.89,1970.89,1970.89,5018240000.0
247,"Aug 20, 2015",2076.61,2076.61,2035.73,2035.73,2035.73,3922470000.0
248,"Aug 19, 2015",2095.69,2096.17,2070.53,2079.61,2079.61,3512920000.0
249,"Aug 18, 2015",2101.99,2103.47,2094.14,2096.92,2096.92,2949990000.0
250,"Aug 17, 2015",2089.7,2102.87,2079.3,2102.44,2102.44,2867690000.0
251,"Aug 14, 2015",2083.15,2092.45,2080.61,2091.54,2091.54,2795590000.0
252,"Aug 13, 2015",2086.19,2092.93,2078.26,2083.39,2083.39,3221300000.0
253,"Aug 12, 2015",2081.1,2089.06,2052.09,2086.05,2086.05,4269130000.0
254,"Aug 11, 2015",2102.66,2102.66,2076.49,2084.07,2084.07,3708880000.0
255,"Aug 10, 2015",2080.98,2105.35,2080.98,2104.18,2104.18,3514460000.0
256,"Aug 07, 2015",2082.61,2082.61,2067.91,2077.57,2077.57,3602320000.0
257,"Aug 06, 2015",2100.75,2103.32,2075.53,2083.56,2083.56,4246570000.0
258,"Aug 05, 2015",2095.27,2112.66,2095.27,2099.84,2099.84,3968680000.0
259,"Aug 04, 2015",2097.68,2102.51,2088.6,2093.32,2093.32,3546710000.0
260,"Aug 03, 2015",2104.49,2105.7,2087.31,2098.04,2098.04,3476770000.0
261,"Jul 31, 2015",2111.6,2114.24,2102.07,2103.84,2103.84,3681340000.0
262,"Jul 30, 2015",2106.78,2110.48,2094.97,2108.63,2108.63,3579410000.0
263,"Jul 29, 2015",2094.7,2110.6,2094.08,2108.57,2108.57,4038900000.0
264,"Jul 28, 2015",2070.75,2095.6,2069.09,2093.25,2093.25,4117740000.0
265,"Jul 27, 2015",2078.19,2078.19,2063.52,2067.64,2067.64,3836750000.0
266,"Jul 24, 2015",2102.24,2106.01,2077.09,2079.65,2079.65,3870040000.0
267,"Jul 23, 2015",2114.16,2116.87,2098.63,2102.15,2102.15,3772810000.0
268,"Jul 22, 2015",2118.21,2118.51,2110.0,2114.15,2114.15,3694070000.0
269,"Jul 21, 2015",2127.55,2128.49,2115.4,2119.21,2119.21,3343690000.0
270,"Jul 20, 2015",2126.85,2132.82,2123.66,2128.28,2128.28,3245870000.0
271,"Jul 17, 2015",2126.8,2128.91,2119.88,2126.64,2126.64,3362750000.0
272,"Jul 16, 2015",2110.55,2124.42,2110.55,2124.29,2124.29,3227080000.0
273,"Jul 15, 2015",2109.01,2114.14,2102.49,2107.4,2107.4,3261810000.0
274,"Jul 14, 2015",2099.72,2111.98,2098.18,2108.95,2108.95,3002120000.0
275,"Jul 13, 2015",2080.03,2100.67,2080.03,2099.6,2099.6,3096730000.0
276,"Jul 10, 2015",2052.74,2081.31,2052.74,2076.62,2076.62,3065070000.0
277,"Jul 09, 2015",2049.73,2074.28,2049.73,2051.31,2051.31,3446810000.0
278,"Jul 08, 2015",2077.66,2077.66,2044.66,2046.68,2046.68,3608780000.0
279,"Jul 07, 2015",2069.52,2083.74,2044.02,2081.34,2081.34,4458660000.0
280,"Jul 06, 2015",2073.95,2078.61,2058.4,2068.76,2068.76,3486360000.0
281,"Jul 02, 2015",2078.03,2085.06,2071.02,2076.78,2076.78,2996540000.0
282,"Jul 01, 2015",2067.0,2082.78,2067.0,2077.42,2077.42,3727260000.0
283,"Jun 30, 2015",2061.19,2074.28,2056.32,2063.11,2063.11,4078540000.0
284,"Jun 29, 2015",2098.63,2098.63,2056.64,2057.64,2057.64,3678960000.0
285,"Jun 26, 2015",2102.62,2108.92,2095.38,2101.49,2101.49,5025470000.0
286,"Jun 25, 2015",2109.96,2116.04,2101.78,2102.31,2102.31,3214610000.0
287,"Jun 24, 2015",2123.65,2125.1,2108.58,2108.58,2108.58,3102480000.0
288,"Jun 23, 2015",2123.16,2128.03,2119.89,2124.2,2124.2,3091190000.0
289,"Jun 22, 2015",2112.5,2129.87,2112.5,2122.85,2122.85,3030020000.0
290,"Jun 19, 2015",2121.06,2121.64,2109.45,2109.99,2109.99,4449810000.0
291,"Jun 18, 2015",2101.58,2126.65,2101.58,2121.24,2121.24,3520360000.0
292,"Jun 17, 2015",2097.4,2106.79,2088.86,2100.44,2100.44,3222240000.0
293,"Jun 16, 2015",2084.26,2097.4,2082.1,2096.29,2096.29,2919900000.0
294,"Jun 15, 2015",2091.34,2091.34,2072.49,2084.43,2084.43,3061570000.0
295,"Jun 12, 2015",2107.43,2107.43,2091.33,2094.11,2094.11,2719400000.0
296,"Jun 11, 2015",2106.24,2115.02,2106.24,2108.86,2108.86,3128600000.0
297,"Jun 10, 2015",2081.12,2108.5,2081.12,2105.2,2105.2,3414320000.0
298,"Jun 09, 2015",2079.07,2085.62,2072.14,2080.15,2080.15,3034580000.0
299,"Jun 08, 2015",2092.34,2093.01,2079.11,2079.28,2079.28,2917150000.0
300,"Jun 05, 2015",2095.09,2100.99,2085.67,2092.83,2092.83,3243690000.0
301,"Jun 04, 2015",2112.35,2112.89,2093.23,2095.84,2095.84,3200050000.0
302,"Jun 03, 2015",2110.64,2121.92,2109.61,2114.07,2114.07,3099980000.0
303,"Jun 02, 2015",2110.41,2117.59,2099.14,2109.6,2109.6,3049350000.0
304,"Jun 01, 2015",2108.64,2119.15,2102.54,2111.73,2111.73,3011710000.0
305,"May 29, 2015",2120.66,2120.66,2104.89,2107.39,2107.39,3927390000.0
306,"May 28, 2015",2122.27,2122.27,2112.86,2120.79,2120.79,2980350000.0
307,"May 27, 2015",2105.13,2126.22,2105.13,2123.48,2123.48,3127960000.0
308,"May 26, 2015",2125.34,2125.34,2099.18,2104.2,2104.2,3342130000.0
309,"May 22, 2015",2130.36,2132.15,2126.06,2126.06,2126.06,2571860000.0
310,"May 21, 2015",2125.55,2134.28,2122.95,2130.82,2130.82,3070460000.0
311,"May 20, 2015",2127.79,2134.72,2122.59,2125.85,2125.85,3025880000.0
312,"May 19, 2015",2129.45,2133.02,2124.5,2127.83,2127.83,3296030000.0
313,"May 18, 2015",2121.3,2131.78,2120.01,2129.2,2129.2,2888190000.0
314,"May 15, 2015",2122.07,2123.89,2116.81,2122.73,2122.73,3092080000.0
315,"May 14, 2015",2100.43,2121.45,2100.43,2121.1,2121.1,3225740000.0
316,"May 13, 2015",2099.62,2110.19,2096.04,2098.48,2098.48,3374260000.0
317,"May 12, 2015",2102.87,2105.06,2085.57,2099.12,2099.12,3139520000.0
318,"May 11, 2015",2115.56,2117.69,2104.58,2105.33,2105.33,2992670000.0
319,"May 08, 2015",2092.13,2117.66,2092.13,2116.1,2116.1,3399440000.0
320,"May 07, 2015",2079.96,2092.9,2074.99,2088.0,2088.0,3676640000.0
321,"May 06, 2015",2091.26,2098.42,2067.93,2080.15,2080.15,3792210000.0
322,"May 05, 2015",2112.63,2115.24,2088.46,2089.46,2089.46,3793950000.0
323,"May 04, 2015",2110.23,2120.95,2110.23,2114.49,2114.49,3091580000.0
324,"May 01, 2015",2087.38,2108.41,2087.38,2108.29,2108.29,3379390000.0
325,"Apr 30, 2015",2105.52,2105.52,2077.59,2085.51,2085.51,4509680000.0
326,"Apr 29, 2015",2112.49,2113.65,2097.41,2106.85,2106.85,4074970000.0
327,"Apr 28, 2015",2108.35,2116.04,2094.89,2114.76,2114.76,3546270000.0
328,"Apr 27, 2015",2119.29,2125.92,2107.04,2108.92,2108.92,3438750000.0
329,"Apr 24, 2015",2112.8,2120.92,2112.8,2117.69,2117.69,3375780000.0
330,"Apr 23, 2015",2107.21,2120.49,2103.19,2112.93,2112.93,3636670000.0
331,"Apr 22, 2015",2098.27,2109.98,2091.05,2107.96,2107.96,3348480000.0
332,"Apr 21, 2015",2102.82,2109.64,2094.38,2097.29,2097.29,3243410000.0
333,"Apr 20, 2015",2084.11,2103.94,2084.11,2100.4,2100.4,3000160000.0
334,"Apr 17, 2015",2102.58,2102.58,2072.37,2081.18,2081.18,3627600000.0
335,"Apr 16, 2015",2105.96,2111.3,2100.02,2104.99,2104.99,3434120000.0
336,"Apr 15, 2015",2097.82,2111.91,2097.82,2106.63,2106.63,4013760000.0
337,"Apr 14, 2015",2092.28,2098.62,2083.24,2095.84,2095.84,3301270000.0
338,"Apr 13, 2015",2102.03,2107.65,2092.33,2092.43,2092.43,2908420000.0
339,"Apr 10, 2015",2091.51,2102.61,2091.51,2102.06,2102.06,3156200000.0
340,"Apr 09, 2015",2081.29,2093.31,2074.29,2091.18,2091.18,3172360000.0
341,"Apr 08, 2015",2076.94,2086.69,2073.3,2081.9,2081.9,3265330000.0
342,"Apr 07, 2015",2080.79,2089.81,2076.1,2076.33,2076.33,3065510000.0
343,"Apr 06, 2015",2064.87,2086.99,2056.52,2080.62,2080.62,3302970000.0
344,"Apr 02, 2015",2060.03,2072.17,2057.32,2066.96,2066.96,3095960000.0
345,"Apr 01, 2015",2067.63,2067.63,2048.38,2059.69,2059.69,3543270000.0
346,"Mar 31, 2015",2084.05,2084.05,2067.04,2067.89,2067.89,3376550000.0
347,"Mar 30, 2015",2064.11,2088.97,2064.11,2086.24,2086.24,2917690000.0
348,"Mar 27, 2015",2055.78,2062.83,2052.96,2061.02,2061.02,3008550000.0
349,"Mar 26, 2015",2059.94,2067.15,2045.5,2056.15,2056.15,3510670000.0
350,"Mar 25, 2015",2093.1,2097.43,2061.05,2061.05,2061.05,3521140000.0
351,"Mar 24, 2015",2103.94,2107.63,2091.5,2091.5,2091.5,3189820000.0
352,"Mar 23, 2015",2107.99,2114.86,2104.42,2104.42,2104.42,3267960000.0
353,"Mar 20, 2015",2090.32,2113.92,2090.32,2108.1,2108.1,5554120000.0
354,"Mar 19, 2015",2098.69,2098.69,2085.56,2089.27,2089.27,3305220000.0
355,"Mar 18, 2015",2072.84,2106.85,2061.23,2099.5,2099.5,4128210000.0
356,"Mar 17, 2015",2080.59,2080.59,2065.08,2074.28,2074.28,3221840000.0
357,"Mar 16, 2015",2055.35,2081.41,2055.35,2081.19,2081.19,3295600000.0
358,"Mar 13, 2015",2064.56,2064.56,2041.17,2053.4,2053.4,3498560000.0
359,"Mar 12, 2015",2041.1,2066.41,2041.1,2065.95,2065.95,3405860000.0
360,"Mar 11, 2015",2044.69,2050.08,2039.69,2040.24,2040.24,3406570000.0
361,"Mar 10, 2015",2076.14,2076.14,2044.16,2044.16,2044.16,3668900000.0
362,"Mar 09, 2015",2072.25,2083.49,2072.21,2079.43,2079.43,3349090000.0
363,"Mar 06, 2015",2100.91,2100.91,2067.27,2071.26,2071.26,3853570000.0
364,"Mar 05, 2015",2098.54,2104.25,2095.22,2101.04,2101.04,3103030000.0
365,"Mar 04, 2015",2107.72,2107.72,2094.49,2098.53,2098.53,3421110000.0
366,"Mar 03, 2015",2115.76,2115.76,2098.26,2107.78,2107.78,3262300000.0
367,"Mar 02, 2015",2105.23,2117.52,2104.5,2117.39,2117.39,3409490000.0
368,"Feb 27, 2015",2110.88,2112.74,2103.75,2104.5,2104.5,3547380000.0
369,"Feb 26, 2015",2113.91,2113.91,2103.76,2110.74,2110.74,3408690000.0
370,"Feb 25, 2015",2115.3,2119.59,2109.89,2113.86,2113.86,3312340000.0
371,"Feb 24, 2015",2109.1,2117.94,2105.87,2115.48,2115.48,3199840000.0
372,"Feb 23, 2015",2109.83,2110.05,2103.0,2109.66,2109.66,3093680000.0
373,"Feb 20, 2015",2097.65,2110.61,2085.44,2110.3,2110.3,3281600000.0
374,"Feb 19, 2015",2099.25,2102.13,2090.79,2097.45,2097.45,3247100000.0
375,"Feb 18, 2015",2099.16,2100.23,2092.15,2099.68,2099.68,3370020000.0
376,"Feb 17, 2015",2096.47,2101.3,2089.8,2100.34,2100.34,3361750000.0
377,"Feb 13, 2015",2088.78,2097.03,2086.7,2096.99,2096.99,3527450000.0
378,"Feb 12, 2015",2069.98,2088.53,2069.98,2088.48,2088.48,3788350000.0
379,"Feb 11, 2015",2068.55,2073.48,2057.99,2068.53,2068.53,3596860000.0
380,"Feb 10, 2015",2049.38,2070.86,2048.62,2068.59,2068.59,3669850000.0
381,"Feb 09, 2015",2053.47,2056.16,2041.88,2046.74,2046.74,3549540000.0
382,"Feb 06, 2015",2062.28,2072.4,2049.97,2055.47,2055.47,4232970000.0
383,"Feb 05, 2015",2043.45,2063.55,2043.45,2062.52,2062.52,3821990000.0
384,"Feb 04, 2015",2048.86,2054.74,2036.72,2041.51,2041.51,4141920000.0
385,"Feb 03, 2015",2022.71,2050.3,2022.71,2050.03,2050.03,4615900000.0
386,"Feb 02, 2015",1996.67,2021.66,1980.9,2020.85,2020.85,4008330000.0
387,"Jan 30, 2015",2019.35,2023.32,1993.38,1994.99,1994.99,4568650000.0
388,"Jan 29, 2015",2002.45,2024.64,1989.18,2021.25,2021.25,4127140000.0
389,"Jan 28, 2015",2032.34,2042.49,2001.49,2002.16,2002.16,4067530000.0
390,"Jan 27, 2015",2047.86,2047.86,2019.91,2029.55,2029.55,3329810000.0
391,"Jan 26, 2015",2050.42,2057.62,2040.97,2057.09,2057.09,3465760000.0
392,"Jan 23, 2015",2062.98,2062.98,2050.54,2051.82,2051.82,3573560000.0
393,"Jan 22, 2015",2034.3,2064.62,2026.38,2063.15,2063.15,4176050000.0
394,"Jan 21, 2015",2020.19,2038.29,2012.04,2032.12,2032.12,3730070000.0
395,"Jan 20, 2015",2020.76,2028.94,2004.49,2022.55,2022.55,3944340000.0
396,"Jan 16, 2015",1992.25,2020.46,1988.12,2019.42,2019.42,4056410000.0
397,"Jan 15, 2015",2013.75,2021.35,1991.47,1992.67,1992.67,4276720000.0
398,"Jan 14, 2015",2018.4,2018.4,1988.44,2011.27,2011.27,4378680000.0
399,"Jan 13, 2015",2031.58,2056.93,2008.25,2023.03,2023.03,4107300000.0
400,"Jan 12, 2015",2046.13,2049.3,2022.58,2028.26,2028.26,3456460000.0
401,"Jan 09, 2015",2063.45,2064.43,2038.33,2044.81,2044.81,3364140000.0
402,"Jan 08, 2015",2030.61,2064.08,2030.61,2062.14,2062.14,3934010000.0
403,"Jan 07, 2015",2005.55,2029.61,2005.55,2025.9,2025.9,3805480000.0
404,"Jan 06, 2015",2022.15,2030.25,1992.44,2002.61,2002.61,4460110000.0
405,"Jan 05, 2015",2054.44,2054.44,2017.34,2020.58,2020.58,3799120000.0
406,"Jan 02, 2015",2058.9,2072.36,2046.04,2058.2,2058.2,2708700000.0
407,"Dec 31, 2014",2082.11,2085.58,2057.94,2058.9,2058.9,2606070000.0
408,"Dec 30, 2014",2088.49,2088.49,2079.53,2080.35,2080.35,2440280000.0
409,"Dec 29, 2014",2087.63,2093.55,2085.75,2090.57,2090.57,2452360000.0
410,"Dec 26, 2014",2084.3,2092.7,2084.3,2088.77,2088.77,1735230000.0
411,"Dec 24, 2014",2083.25,2087.56,2081.86,2081.88,2081.88,1416980000.0
412,"Dec 23, 2014",2081.48,2086.73,2079.77,2082.17,2082.17,3043950000.0
413,"Dec 22, 2014",2069.28,2078.76,2069.28,2078.54,2078.54,3369520000.0
414,"Dec 19, 2014",2061.04,2077.85,2061.03,2070.65,2070.65,6465530000.0
415,"Dec 18, 2014",2018.98,2061.23,2018.98,2061.23,2061.23,4703380000.0
416,"Dec 17, 2014",1973.77,2016.75,1973.77,2012.89,2012.89,4942370000.0
417,"Dec 16, 2014",1986.71,2016.89,1972.56,1972.74,1972.74,4958680000.0
418,"Dec 15, 2014",2005.03,2018.69,1982.26,1989.63,1989.63,4361990000.0
419,"Dec 12, 2014",2030.36,2032.25,2002.33,2002.33,2002.33,4157650000.0
420,"Dec 11, 2014",2027.92,2055.53,2027.92,2035.33,2035.33,3917950000.0
421,"Dec 10, 2014",2058.86,2058.86,2024.26,2026.14,2026.14,4114440000.0
422,"Dec 09, 2014",2056.55,2060.6,2034.17,2059.82,2059.82,3970150000.0
423,"Dec 08, 2014",2074.84,2075.78,2054.27,2060.31,2060.31,3800990000.0
424,"Dec 05, 2014",2072.78,2079.47,2070.81,2075.37,2075.37,3419620000.0
425,"Dec 04, 2014",2073.64,2077.34,2062.34,2071.92,2071.92,3408340000.0
426,"Dec 03, 2014",2067.45,2076.28,2066.65,2074.33,2074.33,3612680000.0
427,"Dec 02, 2014",2053.77,2068.77,2053.77,2066.55,2066.55,3686650000.0
428,"Dec 01, 2014",2065.78,2065.78,2049.57,2053.44,2053.44,4159010000.0
429,"Nov 28, 2014",2074.78,2075.76,2065.06,2067.56,2067.56,2504640000.0
430,"Nov 26, 2014",2067.36,2073.29,2066.62,2072.83,2072.83,2745260000.0
431,"Nov 25, 2014",2070.15,2074.21,2064.75,2067.03,2067.03,3392940000.0
432,"Nov 24, 2014",2065.07,2070.17,2065.07,2069.41,2069.41,3128060000.0
433,"Nov 21, 2014",2057.46,2071.46,2056.75,2063.5,2063.5,3916420000.0
434,"Nov 20, 2014",2045.87,2053.84,2040.49,2052.75,2052.75,3128290000.0
435,"Nov 19, 2014",2051.16,2052.14,2040.37,2048.72,2048.72,3390850000.0
436,"Nov 18, 2014",2041.48,2056.08,2041.48,2051.8,2051.8,3416190000.0
437,"Nov 17, 2014",2038.29,2043.07,2034.46,2041.32,2041.32,3152890000.0
438,"Nov 14, 2014",2039.74,2042.22,2035.2,2039.82,2039.82,3227130000.0
439,"Nov 13, 2014",2039.21,2046.18,2030.44,2039.33,2039.33,3455270000.0
440,"Nov 12, 2014",2037.75,2040.33,2031.95,2038.25,2038.25,3246650000.0
441,"Nov 11, 2014",2038.2,2041.28,2035.28,2039.68,2039.68,2958320000.0
442,"Nov 10, 2014",2032.01,2038.7,2030.17,2038.26,2038.26,3284940000.0
443,"Nov 07, 2014",2032.36,2034.26,2025.07,2031.92,2031.92,3704280000.0
444,"Nov 06, 2014",2023.33,2031.61,2015.86,2031.21,2031.21,3669770000.0
445,"Nov 05, 2014",2015.29,2023.77,2014.42,2023.57,2023.57,3766590000.0
446,"Nov 04, 2014",2015.81,2015.98,2001.01,2012.1,2012.1,3956260000.0
447,"Nov 03, 2014",2018.21,2024.46,2013.68,2017.81,2017.81,3555440000.0
448,"Oct 31, 2014",2001.2,2018.19,2001.2,2018.05,2018.05,4292290000.0
449,"Oct 30, 2014",1979.49,1999.4,1974.75,1994.65,1994.65,3586150000.0
450,"Oct 29, 2014",1983.29,1991.4,1969.04,1982.3,1982.3,3740350000.0
451,"Oct 28, 2014",1964.14,1985.05,1964.14,1985.05,1985.05,3653260000.0
452,"Oct 27, 2014",1962.97,1964.64,1951.37,1961.63,1961.63,3538860000.0
453,"Oct 24, 2014",1951.59,1965.27,1946.27,1964.58,1964.58,3078380000.0
454,"Oct 23, 2014",1931.02,1961.95,1931.02,1950.82,1950.82,3789250000.0
455,"Oct 22, 2014",1941.29,1949.31,1926.83,1927.11,1927.11,3761930000.0
456,"Oct 21, 2014",1909.38,1942.45,1909.38,1941.28,1941.28,3987090000.0
457,"Oct 20, 2014",1885.62,1905.03,1882.3,1904.01,1904.01,3331210000.0
458,"Oct 17, 2014",1864.91,1898.16,1864.91,1886.76,1886.76,4482120000.0
459,"Oct 16, 2014",1855.95,1876.01,1835.02,1862.76,1862.76,5073150000.0
460,"Oct 15, 2014",1874.18,1874.18,1820.66,1862.49,1862.49,6090800000.0
461,"Oct 14, 2014",1877.11,1898.71,1871.79,1877.7,1877.7,4812010000.0
462,"Oct 13, 2014",1905.65,1912.09,1874.14,1874.74,1874.74,4352580000.0
463,"Oct 10, 2014",1925.63,1936.98,1906.05,1906.13,1906.13,4550540000.0
464,"Oct 09, 2014",1967.68,1967.68,1927.56,1928.21,1928.21,4344020000.0
465,"Oct 08, 2014",1935.55,1970.36,1925.25,1968.89,1968.89,4441890000.0
466,"Oct 07, 2014",1962.36,1962.36,1934.87,1935.1,1935.1,3687870000.0
467,"Oct 06, 2014",1970.01,1977.84,1958.43,1964.82,1964.82,3358220000.0
468,"Oct 03, 2014",1948.12,1971.19,1948.12,1967.9,1967.9,3560970000.0
469,"Oct 02, 2014",1945.83,1952.32,1926.03,1946.17,1946.17,4012510000.0
470,"Oct 01, 2014",1971.44,1971.44,1941.72,1946.16,1946.16,4188590000.0
471,"Sep 30, 2014",1978.21,1985.17,1968.96,1972.29,1972.29,3951100000.0
472,"Sep 29, 2014",1978.96,1981.28,1964.04,1977.8,1977.8,3094440000.0
473,"Sep 26, 2014",1966.22,1986.37,1966.22,1982.85,1982.85,2929440000.0
474,"Sep 25, 2014",1997.32,1997.32,1965.99,1965.99,1965.99,3273050000.0
475,"Sep 24, 2014",1983.34,1999.79,1978.63,1998.3,1998.3,3313850000.0
476,"Sep 23, 2014",1992.78,1995.41,1982.77,1982.77,1982.77,3279350000.0
477,"Sep 22, 2014",2009.08,2009.08,1991.01,1994.29,1994.29,3349670000.0
478,"Sep 19, 2014",2012.74,2019.26,2006.59,2010.4,2010.4,4880220000.0
479,"Sep 18, 2014",2003.07,2012.34,2003.07,2011.36,2011.36,3235340000.0
480,"Sep 17, 2014",1999.3,2010.74,1993.29,2001.57,2001.57,3209420000.0
481,"Sep 16, 2014",1981.93,2002.28,1979.06,1998.98,1998.98,3160310000.0
482,"Sep 15, 2014",1986.04,1987.18,1978.48,1984.13,1984.13,2776530000.0
483,"Sep 12, 2014",1996.74,1996.74,1980.26,1985.54,1985.54,3206570000.0
484,"Sep 11, 2014",1992.85,1997.65,1985.93,1997.45,1997.45,2941690000.0
485,"Sep 10, 2014",1988.41,1996.66,1982.99,1995.69,1995.69,2912430000.0
486,"Sep 09, 2014",2000.73,2001.01,1984.61,1988.44,1988.44,2882830000.0
487,"Sep 08, 2014",2007.17,2007.17,1995.6,2001.54,2001.54,2789090000.0
488,"Sep 05, 2014",1998.0,2007.71,1990.1,2007.71,2007.71,2818300000.0
489,"Sep 04, 2014",2001.67,2011.17,1992.54,1997.65,1997.65,3072410000.0
490,"Sep 03, 2014",2003.57,2009.28,1998.14,2000.72,2000.72,2809980000.0
491,"Sep 02, 2014",2004.07,2006.12,1994.85,2002.28,2002.28,2819980000.0
492,"Aug 29, 2014",1998.45,2003.38,1994.65,2003.37,2003.37,2259130000.0
493,"Aug 28, 2014",1997.42,1998.55,1990.52,1996.74,1996.74,2282400000.0
494,"Aug 27, 2014",2000.54,2002.14,1996.2,2000.12,2000.12,2344350000.0
495,"Aug 26, 2014",1998.59,2005.04,1998.59,2000.02,2000.02,2451950000.0
496,"Aug 25, 2014",1991.74,2001.95,1991.74,1997.92,1997.92,2233880000.0
497,"Aug 22, 2014",1992.6,1993.54,1984.76,1988.4,1988.4,2301860000.0
498,"Aug 21, 2014",1986.82,1994.76,1986.82,1992.37,1992.37,2638920000.0
499,"Aug 20, 2014",1980.46,1988.57,1977.68,1986.51,1986.51,2579560000.0
500,"Aug 19, 2014",1972.73,1982.57,1972.73,1981.6,1981.6,2656430000.0
501,"Aug 18, 2014",1958.36,1971.99,1958.36,1971.74,1971.74,2638160000.0
502,"Aug 15, 2014",1958.87,1964.04,1941.5,1955.06,1955.06,3023380000.0
503,"Aug 14, 2014",1947.41,1955.23,1947.41,1955.18,1955.18,2609460000.0
504,"Aug 13, 2014",1935.6,1948.41,1935.6,1946.72,1946.72,2718020000.0
505,"Aug 12, 2014",1935.73,1939.65,1928.29,1933.75,1933.75,2611700000.0
506,"Aug 11, 2014",1933.43,1944.9,1933.43,1936.92,1936.92,2784890000.0
507,"Aug 08, 2014",1910.35,1932.38,1909.01,1931.59,1931.59,2902280000.0
508,"Aug 07, 2014",1923.03,1928.89,1904.78,1909.57,1909.57,3230520000.0
509,"Aug 06, 2014",1917.29,1927.91,1911.45,1920.24,1920.24,3539150000.0
510,"Aug 05, 2014",1936.34,1936.34,1913.77,1920.21,1920.21,3462520000.0
511,"Aug 04, 2014",1926.62,1942.92,1921.2,1938.99,1938.99,3072920000.0
512,"Aug 01, 2014",1929.8,1937.35,1916.37,1925.15,1925.15,3789660000.0
513,"Jul 31, 2014",1965.14,1965.14,1930.67,1930.67,1930.67,4193000000.0
514,"Jul 30, 2014",1973.21,1978.9,1962.42,1970.07,1970.07,3448250000.0
515,"Jul 29, 2014",1980.03,1984.85,1969.95,1969.95,1969.95,3183300000.0
516,"Jul 28, 2014",1978.25,1981.52,1967.31,1978.91,1978.91,2803320000.0
517,"Jul 25, 2014",1984.6,1984.6,1974.37,1978.34,1978.34,2638960000.0
518,"Jul 24, 2014",1988.07,1991.39,1985.79,1987.98,1987.98,3203530000.0
519,"Jul 23, 2014",1985.32,1989.23,1982.44,1987.01,1987.01,2869720000.0
520,"Jul 22, 2014",1975.65,1986.24,1975.65,1983.53,1983.53,2890480000.0
521,"Jul 21, 2014",1976.93,1976.93,1965.77,1973.63,1973.63,2611160000.0
522,"Jul 18, 2014",1961.54,1979.91,1960.82,1978.22,1978.22,3106060000.0
523,"Jul 17, 2014",1979.75,1981.8,1955.59,1958.12,1958.12,3381680000.0
524,"Jul 16, 2014",1976.35,1983.94,1975.67,1981.57,1981.57,3390950000.0
525,"Jul 15, 2014",1977.36,1982.52,1965.34,1973.28,1973.28,3328740000.0
526,"Jul 14, 2014",1969.86,1979.85,1969.86,1977.1,1977.1,2744920000.0
527,"Jul 11, 2014",1965.76,1968.67,1959.63,1967.57,1967.57,2684630000.0
528,"Jul 10, 2014",1966.67,1969.84,1952.86,1964.68,1964.68,3165690000.0
529,"Jul 09, 2014",1965.1,1974.15,1965.1,1972.83,1972.83,2858800000.0
530,"Jul 08, 2014",1976.39,1976.39,1959.46,1963.71,1963.71,3302430000.0
531,"Jul 07, 2014",1984.22,1984.22,1974.88,1977.65,1977.65,2681260000.0
532,"Jul 03, 2014",1975.88,1985.59,1975.88,1985.44,1985.44,1998090000.0
533,"Jul 02, 2014",1973.06,1976.67,1972.58,1974.62,1974.62,2851480000.0
534,"Jul 01, 2014",1962.29,1978.58,1962.29,1973.32,1973.32,3188240000.0
535,"Jun 30, 2014",1960.79,1964.24,1958.22,1960.23,1960.23,3037350000.0
536,"Jun 27, 2014",1956.56,1961.47,1952.18,1960.96,1960.96,4290590000.0
537,"Jun 26, 2014",1959.89,1959.89,1944.69,1957.22,1957.22,2778840000.0
538,"Jun 25, 2014",1949.27,1960.83,1947.49,1959.53,1959.53,3106710000.0
539,"Jun 24, 2014",1961.97,1968.17,1948.34,1949.98,1949.98,3089700000.0
540,"Jun 23, 2014",1962.92,1963.74,1958.89,1962.61,1962.61,2717630000.0
541,"Jun 20, 2014",1960.45,1963.91,1959.17,1962.87,1962.87,4336240000.0
542,"Jun 19, 2014",1957.5,1959.87,1952.26,1959.48,1959.48,2952150000.0
543,"Jun 18, 2014",1942.73,1957.74,1939.29,1956.98,1956.98,3065220000.0
544,"Jun 17, 2014",1937.15,1943.69,1933.55,1941.99,1941.99,2971260000.0
545,"Jun 16, 2014",1934.84,1941.15,1930.91,1937.78,1937.78,2926130000.0
546,"Jun 13, 2014",1930.8,1937.3,1927.69,1936.16,1936.16,2598230000.0
547,"Jun 12, 2014",1943.35,1943.35,1925.78,1930.11,1930.11,3040480000.0
548,"Jun 11, 2014",1949.37,1949.37,1940.08,1943.89,1943.89,2710620000.0
549,"Jun 10, 2014",1950.34,1950.86,1944.64,1950.79,1950.79,2702360000.0
550,"Jun 09, 2014",1948.97,1955.55,1947.16,1951.27,1951.27,2812180000.0
551,"Jun 06, 2014",1942.41,1949.44,1942.41,1949.44,1949.44,2864300000.0
552,"Jun 05, 2014",1928.52,1941.74,1922.93,1940.46,1940.46,3113270000.0
553,"Jun 04, 2014",1923.06,1928.63,1918.6,1927.88,1927.88,2793920000.0
554,"Jun 03, 2014",1923.07,1925.07,1918.79,1924.24,1924.24,2867180000.0
555,"Jun 02, 2014",1923.87,1925.88,1915.98,1924.97,1924.97,2509020000.0
556,"May 30, 2014",1920.33,1924.03,1916.64,1923.57,1923.57,3263490000.0
557,"May 29, 2014",1910.6,1920.03,1909.82,1920.03,1920.03,2709050000.0
558,"May 28, 2014",1911.77,1914.46,1907.3,1909.78,1909.78,2976450000.0
559,"May 27, 2014",1902.01,1912.28,1902.01,1911.91,1911.91,2911020000.0
560,"May 23, 2014",1893.32,1901.26,1893.32,1900.53,1900.53,2396280000.0
561,"May 22, 2014",1888.19,1896.33,1885.39,1892.49,1892.49,2759800000.0
562,"May 21, 2014",1873.34,1888.8,1873.34,1888.03,1888.03,2777140000.0
563,"May 20, 2014",1884.88,1884.88,1868.14,1872.83,1872.83,3007700000.0
564,"May 19, 2014",1876.66,1886.0,1872.42,1885.08,1885.08,2664250000.0
565,"May 16, 2014",1871.19,1878.28,1864.82,1877.86,1877.86,3173650000.0
566,"May 15, 2014",1888.16,1888.16,1862.36,1870.85,1870.85,3552640000.0
567,"May 14, 2014",1897.13,1897.13,1885.77,1888.53,1888.53,2822060000.0
568,"May 13, 2014",1896.75,1902.17,1896.06,1897.45,1897.45,2915680000.0
569,"May 12, 2014",1880.03,1897.13,1880.03,1896.65,1896.65,3005740000.0
570,"May 09, 2014",1875.27,1878.57,1867.02,1878.48,1878.48,3025020000.0
571,"May 08, 2014",1877.39,1889.07,1870.05,1875.63,1875.63,3393420000.0
572,"May 07, 2014",1868.53,1878.83,1859.79,1878.21,1878.21,3632950000.0
573,"May 06, 2014",1883.69,1883.69,1867.72,1867.72,1867.72,3327260000.0
574,"May 05, 2014",1879.45,1885.51,1866.77,1884.66,1884.66,2733730000.0
575,"May 02, 2014",1885.3,1891.33,1878.5,1881.14,1881.14,3159560000.0
576,"May 01, 2014",1884.39,1888.59,1878.04,1883.68,1883.68,3416740000.0
577,"Apr 30, 2014",1877.1,1885.2,1872.69,1883.95,1883.95,3779230000.0
578,"Apr 29, 2014",1870.78,1880.6,1870.78,1878.33,1878.33,3647820000.0
579,"Apr 28, 2014",1865.0,1877.01,1850.61,1869.43,1869.43,4034680000.0
580,"Apr 25, 2014",1877.72,1877.72,1859.7,1863.4,1863.4,3213020000.0
581,"Apr 24, 2014",1881.97,1884.06,1870.24,1878.61,1878.61,3191830000.0
582,"Apr 23, 2014",1879.32,1879.75,1873.91,1875.39,1875.39,3085720000.0
583,"Apr 22, 2014",1872.57,1884.89,1872.57,1879.55,1879.55,3215440000.0
584,"Apr 21, 2014",1865.79,1871.89,1863.18,1871.89,1871.89,2642500000.0
585,"Apr 17, 2014",1861.73,1869.63,1856.72,1864.85,1864.85,3341430000.0
586,"Apr 16, 2014",1846.01,1862.31,1846.01,1862.31,1862.31,3155080000.0
587,"Apr 15, 2014",1831.45,1844.02,1816.29,1842.98,1842.98,3736440000.0
588,"Apr 14, 2014",1818.18,1834.19,1815.8,1830.61,1830.61,3111540000.0
589,"Apr 11, 2014",1830.65,1835.07,1814.36,1815.69,1815.69,3743460000.0
590,"Apr 10, 2014",1872.28,1872.53,1830.87,1833.08,1833.08,3758780000.0
591,"Apr 09, 2014",1852.64,1872.43,1852.38,1872.18,1872.18,3308650000.0
592,"Apr 08, 2014",1845.48,1854.95,1837.49,1851.96,1851.96,3721450000.0
593,"Apr 07, 2014",1863.92,1864.04,1841.48,1845.04,1845.04,3801540000.0
594,"Apr 04, 2014",1890.25,1897.28,1863.26,1865.09,1865.09,3583750000.0
595,"Apr 03, 2014",1891.43,1893.8,1882.65,1888.77,1888.77,3055600000.0
596,"Apr 02, 2014",1886.61,1893.17,1883.79,1890.9,1890.9,3131660000.0
597,"Apr 01, 2014",1873.96,1885.84,1873.96,1885.52,1885.52,3336190000.0
598,"Mar 31, 2014",1859.16,1875.18,1859.16,1872.34,1872.34,3274300000.0
599,"Mar 28, 2014",1850.07,1866.63,1850.07,1857.62,1857.62,2955520000.0
600,"Mar 27, 2014",1852.11,1855.55,1842.11,1849.04,1849.04,3733430000.0
601,"Mar 26, 2014",1867.09,1875.92,1852.56,1852.56,1852.56,3480850000.0
602,"Mar 25, 2014",1859.48,1871.87,1855.96,1865.62,1865.62,3200560000.0
603,"Mar 24, 2014",1867.67,1873.34,1849.69,1857.44,1857.44,3409000000.0
604,"Mar 21, 2014",1874.53,1883.97,1863.46,1866.52,1866.52,5270710000.0
605,"Mar 20, 2014",1860.09,1873.49,1854.63,1872.01,1872.01,3327540000.0
606,"Mar 19, 2014",1872.25,1874.14,1850.35,1860.77,1860.77,3289210000.0
607,"Mar 18, 2014",1858.92,1873.76,1858.92,1872.25,1872.25,2930190000.0
608,"Mar 17, 2014",1842.81,1862.3,1842.81,1858.83,1858.83,2860490000.0
609,"Mar 14, 2014",1845.07,1852.44,1839.57,1841.13,1841.13,3285460000.0
610,"Mar 13, 2014",1869.06,1874.4,1841.86,1846.34,1846.34,3670990000.0
611,"Mar 12, 2014",1866.15,1868.38,1854.38,1868.2,1868.2,3270860000.0
612,"Mar 11, 2014",1878.26,1882.35,1863.88,1867.63,1867.63,3392400000.0
613,"Mar 10, 2014",1877.86,1877.87,1867.04,1877.17,1877.17,3021350000.0
614,"Mar 07, 2014",1878.52,1883.57,1870.56,1878.04,1878.04,3564740000.0
615,"Mar 06, 2014",1874.18,1881.94,1874.18,1877.03,1877.03,3360450000.0
616,"Mar 05, 2014",1874.05,1876.53,1871.11,1873.81,1873.81,3392990000.0
617,"Mar 04, 2014",1849.23,1876.23,1849.23,1873.91,1873.91,3765770000.0
618,"Mar 03, 2014",1857.68,1857.68,1834.44,1845.73,1845.73,3428220000.0
619,"Feb 28, 2014",1855.12,1867.92,1847.67,1859.45,1859.45,3917450000.0
620,"Feb 27, 2014",1844.9,1854.53,1841.13,1854.29,1854.29,3547460000.0
621,"Feb 26, 2014",1845.79,1852.65,1840.66,1845.16,1845.16,3716730000.0
622,"Feb 25, 2014",1847.66,1852.91,1840.19,1845.12,1845.12,3515560000.0
623,"Feb 24, 2014",1836.78,1858.71,1836.78,1847.61,1847.61,4014530000.0
624,"Feb 21, 2014",1841.07,1846.13,1835.6,1836.25,1836.25,3403880000.0
625,"Feb 20, 2014",1829.24,1842.79,1824.58,1839.78,1839.78,3404980000.0
626,"Feb 19, 2014",1838.9,1847.5,1826.99,1828.75,1828.75,3661570000.0
627,"Feb 18, 2014",1839.03,1842.87,1835.01,1840.76,1840.76,3421110000.0
628,"Feb 14, 2014",1828.46,1841.65,1825.59,1838.63,1838.63,3114750000.0
629,"Feb 13, 2014",1814.82,1830.25,1809.22,1829.83,1829.83,3289510000.0
630,"Feb 12, 2014",1820.12,1826.55,1815.97,1819.26,1819.26,3326380000.0
631,"Feb 11, 2014",1800.45,1823.54,1800.41,1819.75,1819.75,3699380000.0
632,"Feb 10, 2014",1796.2,1799.94,1791.83,1799.84,1799.84,3312160000.0
633,"Feb 07, 2014",1776.01,1798.03,1776.01,1797.02,1797.02,3775990000.0
634,"Feb 06, 2014",1752.99,1774.06,1752.99,1773.43,1773.43,3825410000.0
635,"Feb 05, 2014",1753.38,1755.79,1737.92,1751.64,1751.64,3984290000.0
636,"Feb 04, 2014",1743.82,1758.73,1743.82,1755.2,1755.2,4068410000.0
637,"Feb 03, 2014",1782.68,1784.83,1739.66,1741.89,1741.89,4726040000.0
638,"Jan 31, 2014",1790.88,1793.88,1772.26,1782.59,1782.59,4059690000.0
639,"Jan 30, 2014",1777.17,1798.77,1777.17,1794.19,1794.19,3547510000.0
640,"Jan 29, 2014",1790.15,1790.15,1770.45,1774.2,1774.2,3964020000.0
641,"Jan 28, 2014",1783.0,1793.87,1779.49,1792.5,1792.5,3437830000.0
642,"Jan 27, 2014",1791.03,1795.98,1772.88,1781.56,1781.56,4045200000.0
643,"Jan 24, 2014",1826.96,1826.96,1790.29,1790.29,1790.29,4618450000.0
644,"Jan 23, 2014",1842.29,1842.29,1820.06,1828.46,1828.46,3972250000.0
645,"Jan 22, 2014",1844.71,1846.87,1840.88,1844.86,1844.86,3374170000.0
646,"Jan 21, 2014",1841.05,1849.31,1832.38,1843.8,1843.8,3782470000.0
647,"Jan 17, 2014",1844.23,1846.04,1835.23,1838.7,1838.7,3626120000.0
648,"Jan 16, 2014",1847.99,1847.99,1840.3,1845.89,1845.89,3491310000.0
649,"Jan 15, 2014",1840.52,1850.84,1840.52,1848.38,1848.38,3777800000.0
650,"Jan 14, 2014",1821.36,1839.26,1821.36,1838.88,1838.88,3353270000.0
651,"Jan 13, 2014",1841.26,1843.45,1815.52,1819.2,1819.2,3591350000.0
652,"Jan 10, 2014",1840.06,1843.15,1832.43,1842.37,1842.37,3335710000.0
653,"Jan 09, 2014",1839.0,1843.23,1830.38,1838.13,1838.13,3581150000.0
654,"Jan 08, 2014",1837.9,1840.02,1831.4,1837.49,1837.49,3652140000.0
655,"Jan 07, 2014",1828.71,1840.1,1828.71,1837.88,1837.88,3511750000.0
656,"Jan 06, 2014",1832.31,1837.16,1823.73,1826.77,1826.77,3294850000.0
657,"Jan 03, 2014",1833.21,1838.24,1829.13,1831.37,1831.37,2774270000.0
658,"Jan 02, 2014",1845.86,1845.86,1827.74,1831.98,1831.98,3080600000.0
659,"Dec 31, 2013",1842.61,1849.44,1842.41,1848.36,1848.36,2312840000.0
660,"Dec 30, 2013",1841.47,1842.47,1838.77,1841.07,1841.07,2293860000.0
661,"Dec 27, 2013",1842.97,1844.89,1839.81,1841.4,1841.4,2052920000.0
662,"Dec 26, 2013",1834.96,1842.84,1834.96,1842.02,1842.02,1982270000.0
663,"Dec 24, 2013",1828.02,1833.32,1828.02,1833.32,1833.32,1307630000.0
664,"Dec 23, 2013",1822.92,1829.75,1822.92,1827.99,1827.99,2851540000.0
665,"Dec 20, 2013",1810.39,1823.75,1810.25,1818.32,1818.32,5097700000.0
666,"Dec 19, 2013",1809.0,1810.88,1801.35,1809.6,1809.6,3497210000.0
667,"Dec 18, 2013",1781.46,1811.08,1767.99,1810.65,1810.65,4327770000.0
668,"Dec 17, 2013",1786.47,1786.77,1777.05,1781.0,1781.0,3270030000.0
669,"Dec 16, 2013",1777.48,1792.22,1777.48,1786.54,1786.54,3209890000.0
670,"Dec 13, 2013",1777.98,1780.92,1772.45,1775.32,1775.32,3061070000.0
671,"Dec 12, 2013",1781.71,1782.99,1772.28,1775.5,1775.5,3306640000.0
672,"Dec 11, 2013",1802.76,1802.97,1780.09,1782.22,1782.22,3472240000.0
673,"Dec 10, 2013",1807.6,1808.52,1801.75,1802.62,1802.62,3117150000.0
674,"Dec 09, 2013",1806.21,1811.52,1806.21,1808.37,1808.37,3129500000.0
675,"Dec 06, 2013",1788.36,1806.04,1788.36,1805.09,1805.09,3150030000.0
676,"Dec 05, 2013",1792.82,1792.82,1783.38,1785.03,1785.03,3336880000.0
677,"Dec 04, 2013",1793.15,1799.8,1779.09,1792.81,1792.81,3610540000.0
678,"Dec 03, 2013",1800.1,1800.1,1787.85,1795.15,1795.15,3475680000.0
679,"Dec 02, 2013",1806.55,1810.02,1798.6,1800.9,1800.9,3095430000.0
680,"Nov 29, 2013",1808.69,1813.55,1803.98,1805.81,1805.81,1598300000.0
681,"Nov 27, 2013",1803.48,1808.27,1802.77,1807.23,1807.23,2613590000.0
682,"Nov 26, 2013",1802.87,1808.42,1800.77,1802.75,1802.75,3427120000.0
683,"Nov 25, 2013",1806.33,1808.1,1800.58,1802.48,1802.48,2998540000.0
684,"Nov 22, 2013",1797.21,1804.84,1794.7,1804.76,1804.76,3055140000.0
685,"Nov 21, 2013",1783.52,1797.16,1783.52,1795.85,1795.85,3256630000.0
686,"Nov 20, 2013",1789.59,1795.73,1777.23,1781.37,1781.37,3109140000.0
687,"Nov 19, 2013",1790.79,1795.51,1784.72,1787.87,1787.87,3224450000.0
688,"Nov 18, 2013",1798.82,1802.33,1788.0,1791.53,1791.53,3168520000.0
689,"Nov 15, 2013",1790.66,1798.22,1790.66,1798.18,1798.18,3254820000.0
690,"Nov 14, 2013",1782.75,1791.53,1780.22,1790.62,1790.62,3139060000.0
691,"Nov 13, 2013",1764.37,1782.0,1760.64,1782.0,1782.0,3327480000.0
692,"Nov 12, 2013",1769.51,1771.78,1762.29,1767.69,1767.69,3221030000.0
693,"Nov 11, 2013",1769.96,1773.44,1767.85,1771.89,1771.89,2534060000.0
694,"Nov 08, 2013",1748.37,1770.78,1747.63,1770.61,1770.61,3837170000.0
695,"Nov 07, 2013",1770.74,1774.54,1746.2,1747.15,1747.15,4143200000.0
696,"Nov 06, 2013",1765.0,1773.74,1764.4,1770.49,1770.49,3322100000.0
697,"Nov 05, 2013",1765.67,1767.03,1755.76,1762.97,1762.97,3516680000.0
698,"Nov 04, 2013",1763.4,1768.78,1761.56,1767.93,1767.93,3194870000.0
699,"Nov 01, 2013",1758.7,1765.67,1752.7,1761.64,1761.64,3686290000.0
700,"Oct 31, 2013",1763.24,1768.53,1755.72,1756.54,1756.54,3826530000.0
701,"Oct 30, 2013",1772.27,1775.22,1757.24,1763.31,1763.31,3523040000.0
702,"Oct 29, 2013",1762.93,1772.09,1762.93,1771.95,1771.95,3358460000.0
703,"Oct 28, 2013",1759.42,1764.99,1757.67,1762.11,1762.11,3282300000.0
704,"Oct 25, 2013",1756.01,1759.82,1752.45,1759.77,1759.77,3175720000.0
705,"Oct 24, 2013",1747.48,1753.94,1745.5,1752.07,1752.07,3671700000.0
706,"Oct 23, 2013",1752.27,1752.27,1740.5,1746.38,1746.38,3713380000.0
707,"Oct 22, 2013",1746.48,1759.33,1746.48,1754.67,1754.67,3850840000.0
708,"Oct 21, 2013",1745.2,1747.79,1740.67,1744.66,1744.66,3052710000.0
709,"Oct 18, 2013",1736.72,1745.31,1735.74,1744.5,1744.5,3664890000.0
710,"Oct 17, 2013",1720.17,1733.45,1714.12,1733.15,1733.15,3453590000.0
711,"Oct 16, 2013",1700.49,1721.76,1700.49,1721.54,1721.54,3486180000.0
712,"Oct 15, 2013",1709.17,1711.57,1695.93,1698.06,1698.06,3327740000.0
713,"Oct 14, 2013",1699.86,1711.03,1692.13,1710.14,1710.14,2580580000.0
714,"Oct 11, 2013",1691.09,1703.44,1688.52,1703.2,1703.2,2944670000.0
715,"Oct 10, 2013",1660.88,1692.56,1660.88,1692.56,1692.56,3362300000.0
716,"Oct 09, 2013",1656.99,1662.47,1646.47,1656.4,1656.4,3577840000.0
717,"Oct 08, 2013",1676.22,1676.79,1655.03,1655.45,1655.45,3569230000.0
718,"Oct 07, 2013",1687.15,1687.15,1674.7,1676.12,1676.12,2678490000.0
719,"Oct 04, 2013",1678.79,1691.94,1677.33,1690.5,1690.5,2880270000.0
720,"Oct 03, 2013",1692.35,1692.35,1670.36,1678.66,1678.66,3279650000.0
721,"Oct 02, 2013",1691.9,1693.87,1680.34,1693.87,1693.87,3148600000.0
722,"Oct 01, 2013",1682.41,1696.55,1682.07,1695.0,1695.0,3238690000.0
723,"Sep 30, 2013",1687.26,1687.26,1674.99,1681.55,1681.55,3308630000.0
724,"Sep 27, 2013",1695.52,1695.52,1687.11,1691.75,1691.75,2951700000.0
725,"Sep 26, 2013",1694.05,1703.85,1693.11,1698.67,1698.67,2813930000.0
726,"Sep 25, 2013",1698.02,1701.71,1691.88,1692.77,1692.77,3148730000.0
727,"Sep 24, 2013",1702.6,1707.63,1694.9,1697.42,1697.42,3268930000.0
728,"Sep 23, 2013",1711.44,1711.44,1697.1,1701.84,1701.84,3126950000.0
729,"Sep 20, 2013",1722.44,1725.23,1708.89,1709.91,1709.91,5074030000.0
730,"Sep 19, 2013",1727.34,1729.86,1720.2,1722.34,1722.34,3740130000.0
731,"Sep 18, 2013",1705.74,1729.44,1700.35,1725.52,1725.52,3989760000.0
732,"Sep 17, 2013",1697.73,1705.52,1697.73,1704.76,1704.76,2774240000.0
733,"Sep 16, 2013",1691.7,1704.95,1691.7,1697.6,1697.6,3079800000.0
734,"Sep 13, 2013",1685.04,1688.73,1682.22,1687.99,1687.99,2736500000.0
735,"Sep 12, 2013",1689.21,1689.97,1681.96,1683.42,1683.42,3106290000.0
736,"Sep 11, 2013",1681.04,1689.13,1678.7,1689.13,1689.13,3135460000.0
737,"Sep 10, 2013",1675.11,1684.09,1675.11,1683.99,1683.99,3691800000.0
738,"Sep 09, 2013",1656.85,1672.4,1656.85,1671.71,1671.71,3102780000.0
739,"Sep 06, 2013",1657.44,1664.83,1640.62,1655.17,1655.17,3123880000.0
740,"Sep 05, 2013",1653.28,1659.17,1653.07,1655.08,1655.08,2957110000.0
741,"Sep 04, 2013",1640.72,1655.72,1637.41,1653.08,1653.08,3312150000.0
742,"Sep 03, 2013",1635.95,1651.35,1633.41,1639.77,1639.77,3731610000.0
743,"Aug 30, 2013",1638.89,1640.08,1628.05,1632.97,1632.97,2734300000.0
744,"Aug 29, 2013",1633.5,1646.41,1630.88,1638.17,1638.17,2527550000.0
745,"Aug 28, 2013",1630.25,1641.18,1627.47,1634.96,1634.96,2784010000.0
746,"Aug 27, 2013",1652.54,1652.54,1629.05,1630.48,1630.48,3219190000.0
747,"Aug 26, 2013",1664.29,1669.51,1656.02,1656.78,1656.78,2430670000.0
748,"Aug 23, 2013",1659.92,1664.85,1654.81,1663.5,1663.5,2582670000.0
749,"Aug 22, 2013",1645.03,1659.55,1645.03,1656.96,1656.96,2537460000.0
750,"Aug 21, 2013",1650.66,1656.99,1639.43,1642.8,1642.8,2932180000.0
751,"Aug 20, 2013",1646.81,1658.92,1646.08,1652.35,1652.35,2994090000.0
752,"Aug 19, 2013",1655.25,1659.18,1645.84,1646.06,1646.06,2904530000.0
753,"Aug 16, 2013",1661.22,1663.6,1652.61,1655.83,1655.83,3211450000.0
754,"Aug 15, 2013",1679.61,1679.61,1658.59,1661.32,1661.32,3426690000.0
755,"Aug 14, 2013",1693.88,1695.52,1684.83,1685.39,1685.39,2871430000.0
