ate,Open,High,Low,Close*,Adj Close**,Volume
"Aug 13, 2018",2835.46,2843.40,2819.88,2821.93,2821.93,3158450000.00
"Aug 10, 2018",2838.90,2842.20,2825.81,2833.28,2833.28,3256040000.00
"Aug 09, 2018",2857.19,2862.48,2851.98,2853.58,2853.58,3047050000.00
"Aug 08, 2018",2856.79,2862.44,2853.09,2857.70,2857.70,2972200000.00
"Aug 07, 2018",2855.92,2863.43,2855.92,2858.45,2858.45,3162770000.00
"Aug 06, 2018",2840.29,2853.29,2835.98,2850.40,2850.40,2874540000.00
"Aug 03, 2018",2829.62,2840.38,2827.37,2840.35,2840.35,3030390000.00
"Aug 02, 2018",2800.48,2829.91,2796.34,2827.22,2827.22,3467380000.00
"Aug 01, 2018",2821.17,2825.83,2805.85,2813.36,2813.36,3496990000.00
"Jul 31, 2018",2809.73,2824.46,2808.06,2816.29,2816.29,3892100000.00
"Jul 30, 2018",2819.00,2821.74,2798.11,2802.60,2802.60,3245770000.00
"Jul 27, 2018",2842.35,2843.17,2808.34,2818.82,2818.82,3415710000.00
"Jul 26, 2018",2835.49,2845.57,2835.26,2837.44,2837.44,3653330000.00
"Jul 25, 2018",2817.73,2848.03,2817.73,2846.07,2846.07,3553010000.00
"Jul 24, 2018",2820.68,2829.99,2811.12,2820.40,2820.40,3417530000.00
"Jul 23, 2018",2799.17,2808.61,2795.14,2806.98,2806.98,2907430000.00
"Jul 20, 2018",2804.55,2809.70,2800.01,2801.83,2801.83,3230210000.00
"Jul 19, 2018",2809.37,2812.05,2799.77,2804.49,2804.49,3266700000.00
"Jul 18, 2018",2811.35,2816.76,2805.89,2815.62,2815.62,3089780000.00
"Jul 17, 2018",2789.34,2814.19,2789.24,2809.55,2809.55,3050730000.00
"Jul 16, 2018",2797.36,2801.19,2793.39,2798.43,2798.43,2812230000.00
"Jul 13, 2018",2796.93,2804.53,2791.69,2801.31,2801.31,2614000000.00
"Jul 12, 2018",2783.14,2799.22,2781.53,2798.29,2798.29,2821690000.00
"Jul 11, 2018",2779.82,2785.91,2770.77,2774.02,2774.02,2964740000.00
"Jul 10, 2018",2788.56,2795.58,2786.24,2793.84,2793.84,3063850000.00
"Jul 09, 2018",2775.62,2784.65,2770.73,2784.17,2784.17,3050040000.00
"Jul 06, 2018",2737.68,2764.41,2733.52,2759.82,2759.82,2554780000.00
"Jul 05, 2018",2724.19,2737.83,2716.02,2736.61,2736.61,2953420000.00
"Jul 03, 2018",2733.27,2736.58,2711.16,2713.22,2713.22,1911470000.00
"Jul 02, 2018",2704.95,2727.26,2698.95,2726.71,2726.71,3073650000.00
"Jun 29, 2018",2727.13,2743.26,2718.03,2718.37,2718.37,3565620000.00
"Jun 28, 2018",2698.69,2724.34,2691.99,2716.31,2716.31,3428140000.00
"Jun 27, 2018",2728.45,2746.09,2699.38,2699.63,2699.63,3776090000.00
"Jun 26, 2018",2722.12,2732.91,2715.60,2723.06,2723.06,3555090000.00
"Jun 25, 2018",2742.94,2742.94,2698.67,2717.07,2717.07,3655080000.00
"Jun 22, 2018",2760.79,2764.17,2752.68,2754.88,2754.88,5450550000.00
"Jun 21, 2018",2769.28,2769.28,2744.39,2749.76,2749.76,3300060000.00
"Jun 20, 2018",2769.73,2774.86,2763.91,2767.32,2767.32,3327600000.00
"Jun 19, 2018",2752.01,2765.05,2743.19,2762.59,2762.59,3661470000.00
"Jun 18, 2018",2765.79,2774.99,2757.12,2773.75,2773.75,3287150000.00
"Jun 15, 2018",2777.78,2782.81,2761.73,2779.66,2779.66,5428790000.00
"Jun 14, 2018",2783.21,2789.06,2776.52,2782.49,2782.49,3526890000.00
"Jun 13, 2018",2787.94,2791.47,2774.65,2775.63,2775.63,3779230000.00
"Jun 12, 2018",2785.60,2789.80,2778.78,2786.85,2786.85,3401010000.00
"Jun 11, 2018",2780.18,2790.21,2780.17,2782.00,2782.00,3232330000.00
"Jun 08, 2018",2765.84,2779.39,2763.59,2779.03,2779.03,3123210000.00
"Jun 07, 2018",2774.84,2779.90,2760.16,2770.37,2770.37,3711330000.00
"Jun 06, 2018",2753.25,2772.39,2748.46,2772.35,2772.35,3651640000.00
"Jun 05, 2018",2748.46,2752.61,2739.51,2748.80,2748.80,3517790000.00
"Jun 04, 2018",2741.67,2749.16,2740.54,2746.87,2746.87,3376510000.00
"Jun 01, 2018",2718.70,2736.93,2718.70,2734.62,2734.62,3684130000.00
"May 31, 2018",2720.98,2722.50,2700.68,2705.27,2705.27,4235370000.00
"May 30, 2018",2702.43,2729.34,2702.43,2724.01,2724.01,3561050000.00
"May 29, 2018",2705.11,2710.67,2676.81,2689.86,2689.86,3736890000.00
"May 25, 2018",2723.60,2727.36,2714.99,2721.33,2721.33,2995260000.00
"May 24, 2018",2730.94,2731.97,2707.38,2727.76,2727.76,3256030000.00
"May 23, 2018",2713.98,2733.33,2709.54,2733.29,2733.29,3326290000.00
"May 22, 2018",2738.34,2742.24,2721.88,2724.44,2724.44,3366310000.00
"May 21, 2018",2735.39,2739.19,2725.70,2733.01,2733.01,3019890000.00
"May 18, 2018",2717.35,2719.50,2709.18,2712.97,2712.97,3368690000.00
"May 17, 2018",2719.71,2731.96,2711.36,2720.13,2720.13,3475400000.00
"May 16, 2018",2712.62,2727.76,2712.17,2722.46,2722.46,3202670000.00
"May 15, 2018",2718.59,2718.59,2701.91,2711.45,2711.45,3290680000.00
"May 14, 2018",2738.47,2742.10,2725.47,2730.13,2730.13,2972660000.00
"May 11, 2018",2722.70,2732.86,2717.45,2727.72,2727.72,2862700000.00
"May 10, 2018",2705.02,2726.11,2704.54,2723.07,2723.07,3333050000.00
"May 09, 2018",2678.12,2701.27,2674.14,2697.79,2697.79,3909500000.00
"May 08, 2018",2670.26,2676.34,2655.20,2671.92,2671.92,3717570000.00
"May 07, 2018",2680.34,2683.35,2664.70,2672.63,2672.63,3237960000.00
"May 04, 2018",2621.45,2670.93,2615.32,2663.42,2663.42,3327220000.00
"May 03, 2018",2628.08,2637.14,2594.62,2629.73,2629.73,3851470000.00
"May 02, 2018",2654.24,2660.87,2631.70,2635.67,2635.67,4010770000.00
"May 01, 2018",2642.96,2655.27,2625.41,2654.80,2654.80,3559850000.00
"Apr 30, 2018",2682.51,2682.87,2648.04,2648.05,2648.05,3734530000.00
"Apr 27, 2018",2675.47,2677.35,2659.01,2669.91,2669.91,3219030000.00
"Apr 26, 2018",2651.65,2676.48,2647.16,2666.94,2666.94,3665720000.00
"Apr 25, 2018",2634.92,2645.30,2612.67,2639.40,2639.40,3499440000.00
"Apr 24, 2018",2680.80,2683.55,2617.32,2634.56,2634.56,3706740000.00
"Apr 23, 2018",2675.40,2682.86,2657.99,2670.29,2670.29,3017480000.00
"Apr 20, 2018",2692.56,2693.94,2660.61,2670.14,2670.14,3388590000.00
"Apr 19, 2018",2701.16,2702.84,2681.90,2693.13,2693.13,3349370000.00
"Apr 18, 2018",2710.11,2717.49,2703.63,2708.64,2708.64,3383410000.00
"Apr 17, 2018",2692.74,2713.34,2692.05,2706.39,2706.39,3234360000.00
"Apr 16, 2018",2670.10,2686.49,2665.16,2677.84,2677.84,3019700000.00
"Apr 13, 2018",2676.90,2680.26,2645.05,2656.30,2656.30,2960910000.00
"Apr 12, 2018",2653.83,2674.72,2653.83,2663.99,2663.99,3021320000.00
"Apr 11, 2018",2643.89,2661.43,2639.25,2642.19,2642.19,3020760000.00
"Apr 10, 2018",2638.41,2665.45,2635.78,2656.87,2656.87,3543930000.00
"Apr 09, 2018",2617.18,2653.55,2610.79,2613.16,2613.16,3062960000.00
"Apr 06, 2018",2645.82,2656.88,2586.27,2604.47,2604.47,3299700000.00
"Apr 05, 2018",2657.36,2672.08,2649.58,2662.84,2662.84,3178970000.00
"Apr 04, 2018",2584.04,2649.86,2573.61,2644.69,2644.69,3350340000.00
"Apr 03, 2018",2592.17,2619.14,2575.49,2614.45,2614.45,3392810000.00
"Apr 02, 2018",2633.45,2638.30,2553.80,2581.88,2581.88,3598520000.00
"Mar 29, 2018",2614.41,2659.07,2609.72,2640.87,2640.87,3565990000.00
"Mar 28, 2018",2611.30,2632.65,2593.06,2605.00,2605.00,3864500000.00
"Mar 27, 2018",2667.57,2674.78,2596.12,2612.62,2612.62,3706350000.00
"Mar 26, 2018",2619.35,2661.36,2601.81,2658.55,2658.55,3511100000.00
"Mar 23, 2018",2646.71,2657.67,2585.89,2588.26,2588.26,3815080000.00
"Mar 22, 2018",2691.36,2695.68,2641.59,2643.69,2643.69,3739800000.00
"Mar 21, 2018",2714.99,2739.14,2709.79,2711.93,2711.93,3415510000.00
"Mar 20, 2018",2715.05,2724.22,2710.05,2716.94,2716.94,3261030000.00
"Mar 19, 2018",2741.38,2741.38,2694.59,2712.92,2712.92,3302130000.00
"Mar 16, 2018",2750.57,2761.85,2749.97,2752.01,2752.01,5372340000.00
"Mar 15, 2018",2754.27,2763.03,2741.47,2747.33,2747.33,3500330000.00
"Mar 14, 2018",2774.06,2777.11,2744.38,2749.48,2749.48,3391360000.00
"Mar 13, 2018",2792.31,2801.90,2758.68,2765.31,2765.31,3301650000.00
"Mar 12, 2018",2790.54,2796.98,2779.26,2783.02,2783.02,3185020000.00
"Mar 09, 2018",2752.91,2786.57,2751.54,2786.57,2786.57,3364100000.00
"Mar 08, 2018",2732.75,2740.45,2722.65,2738.97,2738.97,3212320000.00
"Mar 07, 2018",2710.18,2730.60,2701.74,2726.80,2726.80,3393270000.00
"Mar 06, 2018",2730.18,2732.08,2711.26,2728.12,2728.12,3370690000.00
"Mar 05, 2018",2681.06,2728.09,2675.75,2720.94,2720.94,3710810000.00
"Mar 02, 2018",2658.89,2696.25,2647.32,2691.25,2691.25,3882450000.00
"Mar 01, 2018",2715.22,2730.89,2659.65,2677.67,2677.67,4503970000.00
"Feb 28, 2018",2753.78,2761.52,2713.54,2713.83,2713.83,4230660000.00
"Feb 27, 2018",2780.45,2789.15,2744.22,2744.28,2744.28,3745080000.00
"Feb 26, 2018",2757.37,2780.64,2753.78,2779.60,2779.60,3424650000.00
"Feb 23, 2018",2715.80,2747.76,2713.74,2747.30,2747.30,3189190000.00
"Feb 22, 2018",2710.42,2731.26,2697.77,2703.96,2703.96,3701270000.00
"Feb 21, 2018",2720.53,2747.75,2701.29,2701.33,2701.33,3779400000.00
"Feb 20, 2018",2722.99,2737.60,2706.76,2716.26,2716.26,3627610000.00
"Feb 16, 2018",2727.14,2754.42,2725.11,2732.22,2732.22,3637460000.00
"Feb 15, 2018",2713.46,2731.51,2689.82,2731.20,2731.20,3684910000.00
"Feb 14, 2018",2651.21,2702.10,2648.87,2698.63,2698.63,4003740000.00
"Feb 13, 2018",2646.27,2668.84,2637.08,2662.94,2662.94,3472870000.00
"Feb 12, 2018",2636.75,2672.61,2622.45,2656.00,2656.00,4055790000.00
"Feb 09, 2018",2601.78,2638.67,2532.69,2619.55,2619.55,5680070000.00
"Feb 08, 2018",2685.01,2685.27,2580.56,2581.00,2581.00,5305440000.00
"Feb 07, 2018",2690.95,2727.67,2681.33,2681.66,2681.66,4626570000.00
"Feb 06, 2018",2614.78,2701.04,2593.07,2695.14,2695.14,5891660000.00
"Feb 05, 2018",2741.06,2763.39,2638.17,2648.94,2648.94,5283460000.00
"Feb 02, 2018",2808.92,2808.92,2759.97,2762.13,2762.13,4301130000.00
"Feb 01, 2018",2816.45,2835.96,2812.70,2821.98,2821.98,3938450000.00
"Jan 31, 2018",2832.41,2839.26,2813.04,2823.81,2823.81,4261280000.00
"Jan 30, 2018",2832.74,2837.75,2818.27,2822.43,2822.43,3990650000.00
"Jan 29, 2018",2867.23,2870.62,2851.48,2853.53,2853.53,3573830000.00
"Jan 26, 2018",2847.48,2872.87,2846.18,2872.87,2872.87,3443230000.00
"Jan 25, 2018",2846.24,2848.56,2830.94,2839.25,2839.25,3835150000.00
"Jan 24, 2018",2845.42,2852.97,2824.81,2837.54,2837.54,4014070000.00
"Jan 23, 2018",2835.05,2842.24,2830.59,2839.13,2839.13,3519650000.00
"Jan 22, 2018",2809.16,2833.03,2808.12,2832.97,2832.97,3471780000.00
"Jan 19, 2018",2802.60,2810.33,2798.08,2810.30,2810.30,3639430000.00
"Jan 18, 2018",2802.40,2805.83,2792.56,2798.03,2798.03,3681470000.00
"Jan 17, 2018",2784.99,2807.04,2778.38,2802.56,2802.56,3778050000.00
"Jan 16, 2018",2798.96,2807.54,2768.64,2776.42,2776.42,4325970000.00
"Jan 12, 2018",2770.18,2787.85,2769.64,2786.24,2786.24,3573970000.00
"Jan 11, 2018",2752.97,2767.56,2752.78,2767.56,2767.56,3641320000.00
"Jan 10, 2018",2745.55,2750.80,2736.06,2748.23,2748.23,3576350000.00
"Jan 09, 2018",2751.15,2759.14,2747.86,2751.29,2751.29,3453480000.00
"Jan 08, 2018",2742.67,2748.51,2737.60,2747.71,2747.71,3242650000.00
"Jan 05, 2018",2731.33,2743.45,2727.92,2743.15,2743.15,3236620000.00
"Jan 04, 2018",2719.31,2729.29,2719.07,2723.99,2723.99,3695260000.00
"Jan 03, 2018",2697.85,2714.37,2697.77,2713.06,2713.06,3538660000.00
"Jan 02, 2018",2683.73,2695.89,2682.36,2695.81,2695.81,3367250000.00
"Dec 29, 2017",2689.15,2692.12,2673.61,2673.61,2673.61,2443490000.00
"Dec 28, 2017",2686.10,2687.66,2682.69,2687.54,2687.54,2153330000.00
"Dec 27, 2017",2682.10,2685.64,2678.91,2682.62,2682.62,2202080000.00
"Dec 26, 2017",2679.09,2682.74,2677.96,2680.50,2680.50,1968780000.00
"Dec 22, 2017",2684.22,2685.35,2678.13,2683.34,2683.34,2399830000.00
"Dec 21, 2017",2683.02,2692.64,2682.40,2684.57,2684.57,3273390000.00
"Dec 20, 2017",2688.18,2691.01,2676.11,2679.25,2679.25,3241030000.00
"Dec 19, 2017",2692.71,2694.44,2680.74,2681.47,2681.47,3368590000.00
"Dec 18, 2017",2685.92,2694.97,2685.92,2690.16,2690.16,3724660000.00
"Dec 15, 2017",2660.63,2679.63,2659.14,2675.81,2675.81,5723920000.00
"Dec 14, 2017",2665.87,2668.09,2652.01,2652.01,2652.01,3430030000.00
"Dec 13, 2017",2667.59,2671.88,2662.85,2662.85,2662.85,3542370000.00
"Dec 12, 2017",2661.73,2669.72,2659.78,2664.11,2664.11,3555680000.00
"Dec 11, 2017",2652.19,2660.33,2651.47,2659.99,2659.99,3091950000.00
"Dec 08, 2017",2646.21,2651.65,2644.10,2651.50,2651.50,3106150000.00
"Dec 07, 2017",2628.38,2640.99,2626.53,2636.98,2636.98,3292400000.00
"Dec 06, 2017",2626.24,2634.41,2624.75,2629.27,2629.27,3229000000.00
"Dec 05, 2017",2639.78,2648.72,2627.73,2629.57,2629.57,3539040000.00
"Dec 04, 2017",2657.19,2665.19,2639.03,2639.44,2639.44,4023150000.00
"Dec 01, 2017",2645.10,2650.62,2605.52,2642.22,2642.22,3942320000.00
"Nov 30, 2017",2633.93,2657.74,2633.93,2647.58,2647.58,4938490000.00
"Nov 29, 2017",2627.82,2634.89,2620.32,2626.07,2626.07,4078280000.00
"Nov 28, 2017",2605.94,2627.69,2605.44,2627.04,2627.04,3488420000.00
"Nov 27, 2017",2602.66,2606.41,2598.87,2601.42,2601.42,3006860000.00
"Nov 24, 2017",2600.42,2604.21,2600.42,2602.42,2602.42,1349780000.00
"Nov 22, 2017",2600.31,2600.94,2595.23,2597.08,2597.08,2762950000.00
"Nov 21, 2017",2589.17,2601.19,2589.17,2599.03,2599.03,3332720000.00
"Nov 20, 2017",2579.49,2584.64,2578.24,2582.14,2582.14,3003540000.00
"Nov 17, 2017",2582.94,2583.96,2577.62,2578.85,2578.85,3300160000.00
"Nov 16, 2017",2572.95,2590.09,2572.95,2585.64,2585.64,3312710000.00
"Nov 15, 2017",2569.45,2572.84,2557.45,2564.62,2564.62,3558890000.00
"Nov 14, 2017",2577.75,2579.66,2566.56,2578.87,2578.87,3641760000.00
"Nov 13, 2017",2576.53,2587.66,2574.48,2584.84,2584.84,3402930000.00
"Nov 10, 2017",2580.18,2583.81,2575.57,2582.30,2582.30,3486910000.00
"Nov 09, 2017",2584.00,2586.50,2566.33,2584.62,2584.62,3831610000.00
"Nov 08, 2017",2588.71,2595.47,2585.02,2594.38,2594.38,3899360000.00
"Nov 07, 2017",2592.11,2597.02,2584.35,2590.64,2590.64,3809650000.00
"Nov 06, 2017",2587.47,2593.38,2585.66,2591.13,2591.13,3539080000.00
"Nov 03, 2017",2581.93,2588.42,2576.77,2587.84,2587.84,3567710000.00
"Nov 02, 2017",2579.46,2581.11,2566.17,2579.85,2579.85,4048270000.00
"Nov 01, 2017",2583.21,2588.40,2574.92,2579.36,2579.36,3813180000.00
"Oct 31, 2017",2575.99,2578.29,2572.15,2575.26,2575.26,3827230000.00
"Oct 30, 2017",2577.75,2580.03,2568.25,2572.83,2572.83,3658870000.00
"Oct 27, 2017",2570.26,2582.98,2565.94,2581.07,2581.07,3887110000.00
"Oct 26, 2017",2560.08,2567.07,2559.80,2560.40,2560.40,3869050000.00
"Oct 25, 2017",2566.52,2567.40,2544.00,2557.15,2557.15,3874510000.00
"Oct 24, 2017",2568.66,2572.18,2565.58,2569.13,2569.13,3427330000.00
"Oct 23, 2017",2578.08,2578.29,2564.33,2564.98,2564.98,3211710000.00
"Oct 20, 2017",2567.56,2575.44,2567.56,2575.21,2575.21,3384650000.00
"Oct 19, 2017",2553.39,2562.36,2547.92,2562.10,2562.10,2990710000.00
"Oct 18, 2017",2562.87,2564.11,2559.67,2561.26,2561.26,2998090000.00
"Oct 17, 2017",2557.17,2559.71,2554.69,2559.36,2559.36,2889390000.00
"Oct 16, 2017",2555.57,2559.47,2552.64,2557.64,2557.64,2916020000.00
"Oct 13, 2017",2555.66,2557.65,2552.09,2553.17,2553.17,3149440000.00
"Oct 12, 2017",2552.88,2555.33,2548.31,2550.93,2550.93,3151510000.00
"Oct 11, 2017",2550.62,2555.24,2547.95,2555.24,2555.24,2976090000.00
"Oct 10, 2017",2549.99,2555.23,2544.86,2550.64,2550.64,2960500000.00
"Oct 09, 2017",2551.39,2551.82,2541.60,2544.73,2544.73,2483970000.00
"Oct 06, 2017",2547.44,2549.41,2543.79,2549.33,2549.33,2884570000.00
"Oct 05, 2017",2540.86,2552.51,2540.02,2552.07,2552.07,3045120000.00
"Oct 04, 2017",2533.48,2540.53,2531.80,2537.74,2537.74,3017120000.00
"Oct 03, 2017",2530.34,2535.13,2528.85,2534.58,2534.58,3068850000.00
"Oct 02, 2017",2521.20,2529.23,2520.40,2529.12,2529.12,3199730000.00
"Sept 29, 2017",2509.96,2519.44,2507.99,2519.36,2519.36,3211920000.00
"Sept 28, 2017",2503.41,2510.81,2502.93,2510.06,2510.06,3168620000.00
"Sept 27, 2017",2503.30,2511.75,2495.91,2507.04,2507.04,3456030000.00
"Sept 26, 2017",2501.04,2503.51,2495.12,2496.84,2496.84,3043110000.00
"Sept 25, 2017",2499.39,2502.54,2488.03,2496.66,2496.66,3297890000.00
"Sept 22, 2017",2497.26,2503.47,2496.54,2502.22,2502.22,2865960000.00
"Sept 21, 2017",2507.16,2507.16,2499.00,2500.60,2500.60,2930860000.00
"Sept 20, 2017",2506.84,2508.85,2496.67,2508.24,2508.24,3530010000.00
"Sept 19, 2017",2506.29,2507.84,2503.19,2506.65,2506.65,3249100000.00
"Sept 18, 2017",2502.51,2508.32,2499.92,2503.87,2503.87,3194300000.00
"Sept 15, 2017",2495.67,2500.23,2493.16,2500.23,2500.23,4853170000.00
"Sept 14, 2017",2494.56,2498.43,2491.35,2495.62,2495.62,3414460000.00
"Sept 13, 2017",2493.89,2498.37,2492.14,2498.37,2498.37,3368050000.00
"Sept 12, 2017",2491.94,2496.77,2490.37,2496.48,2496.48,3230920000.00
"Sept 11, 2017",2474.52,2488.95,2474.52,2488.11,2488.11,3291760000.00
"Sept 08, 2017",2462.25,2467.11,2459.40,2461.43,2461.43,3302490000.00
"Sept 07, 2017",2468.06,2468.62,2460.29,2465.10,2465.10,3353930000.00
"Sept 06, 2017",2463.83,2469.64,2459.20,2465.54,2465.54,3374410000.00
"Sept 05, 2017",2470.35,2471.97,2446.55,2457.85,2457.85,3490260000.00
"Sept 01, 2017",2474.42,2480.38,2473.85,2476.55,2476.55,2710730000.00
"Aug 31, 2017",2462.65,2475.01,2462.65,2471.65,2471.65,3348110000.00
"Aug 30, 2017",2446.06,2460.31,2443.77,2457.59,2457.59,2633660000.00
"Aug 29, 2017",2431.94,2449.19,2428.20,2446.30,2446.30,2737580000.00
"Aug 28, 2017",2447.35,2449.12,2439.03,2444.24,2444.24,2677700000.00
"Aug 25, 2017",2444.72,2453.96,2442.22,2443.05,2443.05,2588780000.00
"Aug 24, 2017",2447.91,2450.39,2436.19,2438.97,2438.97,2846590000.00
"Aug 23, 2017",2444.88,2448.91,2441.42,2444.04,2444.04,2785290000.00
"Aug 22, 2017",2433.75,2454.77,2433.67,2452.51,2452.51,2777490000.00
"Aug 21, 2017",2425.50,2430.58,2417.35,2428.37,2428.37,2788150000.00
"Aug 18, 2017",2427.64,2440.27,2420.69,2425.55,2425.55,3415680000.00
"Aug 17, 2017",2462.95,2465.02,2430.01,2430.01,2430.01,3142620000.00
"Aug 16, 2017",2468.63,2474.93,2463.86,2468.11,2468.11,2953650000.00
"Aug 15, 2017",2468.66,2468.90,2461.61,2464.61,2464.61,2913100000.00
"Aug 14, 2017",2454.96,2468.22,2454.96,2465.84,2465.84,2822550000.00
"Aug 11, 2017",2441.04,2448.09,2437.85,2441.32,2441.32,3159930000.00
"Aug 10, 2017",2465.38,2465.38,2437.75,2438.21,2438.21,3621070000.00
"Aug 09, 2017",2465.35,2474.41,2462.08,2474.02,2474.02,3308060000.00
"Aug 08, 2017",2478.35,2490.87,2470.32,2474.92,2474.92,3344640000.00
"Aug 07, 2017",2477.14,2480.95,2475.88,2480.91,2480.91,2931780000.00
"Aug 04, 2017",2476.88,2480.00,2472.08,2476.83,2476.83,3235140000.00
"Aug 03, 2017",2476.03,2476.03,2468.85,2472.16,2472.16,3645020000.00
"Aug 02, 2017",2480.38,2480.38,2466.48,2477.57,2477.57,3478580000.00
"Aug 01, 2017",2477.10,2478.51,2471.14,2476.35,2476.35,3460860000.00
"Jul 31, 2017",2475.94,2477.96,2468.53,2470.30,2470.30,3469210000.00
"Jul 28, 2017",2469.12,2473.53,2464.66,2472.10,2472.10,3294770000.00
"Jul 27, 2017",2482.76,2484.04,2459.93,2475.42,2475.42,3995520000.00
"Jul 26, 2017",2479.97,2481.69,2474.94,2477.83,2477.83,3557020000.00
"Jul 25, 2017",2477.88,2481.24,2474.91,2477.13,2477.13,4108060000.00
"Jul 24, 2017",2472.04,2473.10,2466.32,2469.91,2469.91,3010240000.00
"Jul 21, 2017",2467.40,2472.54,2465.06,2472.54,2472.54,3059570000.00
"Jul 20, 2017",2475.56,2477.62,2468.43,2473.45,2473.45,3182780000.00
"Jul 19, 2017",2463.85,2473.83,2463.85,2473.83,2473.83,3059760000.00
"Jul 18, 2017",2455.88,2460.92,2450.34,2460.61,2460.61,2962130000.00
"Jul 17, 2017",2459.50,2462.82,2457.16,2459.14,2459.14,2793170000.00
"Jul 14, 2017",2449.16,2463.54,2446.69,2459.27,2459.27,2736640000.00
"Jul 13, 2017",2444.99,2449.32,2441.69,2447.83,2447.83,3067670000.00
"Jul 12, 2017",2435.75,2445.76,2435.75,2443.25,2443.25,3171620000.00
"Jul 11, 2017",2427.35,2429.30,2412.79,2425.53,2425.53,3106750000.00
"Jul 10, 2017",2424.51,2432.00,2422.27,2427.43,2427.43,2999130000.00
"Jul 07, 2017",2413.52,2426.92,2413.52,2425.18,2425.18,2901330000.00
"Jul 06, 2017",2423.44,2424.28,2407.70,2409.75,2409.75,3364520000.00
"Jul 05, 2017",2430.78,2434.90,2422.05,2432.54,2432.54,3367220000.00
"Jul 03, 2017",2431.39,2439.17,2428.69,2429.01,2429.01,1962290000.00
"Jun 30, 2017",2429.20,2432.71,2421.65,2423.41,2423.41,3361590000.00
"Jun 29, 2017",2442.38,2442.73,2405.70,2419.70,2419.70,3900280000.00
"Jun 28, 2017",2428.70,2442.97,2428.02,2440.69,2440.69,3500800000.00
"Jun 27, 2017",2436.34,2440.15,2419.38,2419.38,2419.38,3563910000.00
"Jun 26, 2017",2443.32,2450.42,2437.03,2439.07,2439.07,3238970000.00
"Jun 23, 2017",2434.65,2441.40,2431.11,2438.30,2438.30,5278330000.00
"Jun 22, 2017",2437.40,2441.62,2433.27,2434.50,2434.50,3468210000.00
"Jun 21, 2017",2439.31,2442.23,2430.74,2435.61,2435.61,3594820000.00
"Jun 20, 2017",2450.66,2450.66,2436.60,2437.03,2437.03,3416510000.00
"Jun 19, 2017",2442.55,2453.82,2441.79,2453.46,2453.46,3264700000.00
"Jun 16, 2017",2431.24,2433.15,2422.88,2433.15,2433.15,5284720000.00
"Jun 15, 2017",2424.14,2433.95,2418.53,2432.46,2432.46,3353050000.00
"Jun 14, 2017",2443.75,2443.75,2428.34,2437.92,2437.92,3555590000.00
"Jun 13, 2017",2434.15,2441.49,2431.28,2440.35,2440.35,3275500000.00
"Jun 12, 2017",2425.88,2430.38,2419.97,2429.39,2429.39,4027750000.00
"Jun 09, 2017",2436.39,2446.20,2415.70,2431.77,2431.77,4027340000.00
"Jun 08, 2017",2434.27,2439.27,2427.94,2433.79,2433.79,3728860000.00
"Jun 07, 2017",2432.03,2435.28,2424.75,2433.14,2433.14,3572300000.00
"Jun 06, 2017",2431.92,2436.21,2428.12,2429.33,2429.33,3357840000.00
"Jun 05, 2017",2437.83,2439.55,2434.32,2436.10,2436.10,2912600000.00
"Jun 02, 2017",2431.28,2440.23,2427.71,2439.07,2439.07,3461680000.00
"Jun 01, 2017",2415.65,2430.06,2413.54,2430.06,2430.06,3857140000.00
"May 31, 2017",2415.63,2415.99,2403.59,2411.80,2411.80,4516110000.00
"May 30, 2017",2411.67,2415.26,2409.43,2412.91,2412.91,3203160000.00
"May 26, 2017",2414.50,2416.68,2412.20,2415.82,2415.82,2805040000.00
"May 25, 2017",2409.54,2418.71,2408.01,2415.07,2415.07,3535390000.00
"May 24, 2017",2401.41,2405.58,2397.99,2404.39,2404.39,3389900000.00
"May 23, 2017",2397.04,2400.85,2393.88,2398.42,2398.42,3213570000.00
"May 22, 2017",2387.21,2395.46,2386.92,2394.02,2394.02,3172830000.00
"May 19, 2017",2371.37,2389.06,2370.43,2381.73,2381.73,3825160000.00
"May 18, 2017",2354.69,2375.74,2352.72,2365.72,2365.72,4319420000.00
"May 17, 2017",2382.95,2384.87,2356.21,2357.03,2357.03,4163000000.00
"May 16, 2017",2404.55,2405.77,2396.05,2400.67,2400.67,3420790000.00
"May 15, 2017",2393.98,2404.05,2393.94,2402.32,2402.32,3473600000.00
"May 12, 2017",2392.44,2392.44,2387.19,2390.90,2390.90,3305630000.00
"May 11, 2017",2394.84,2395.72,2381.74,2394.44,2394.44,3727420000.00
"May 10, 2017",2396.79,2399.74,2392.79,2399.63,2399.63,3643530000.00
"May 09, 2017",2401.58,2403.87,2392.44,2396.92,2396.92,3653590000.00
"May 08, 2017",2399.94,2401.36,2393.92,2399.38,2399.38,3429440000.00
"May 05, 2017",2392.37,2399.29,2389.38,2399.29,2399.29,3540140000.00
"May 04, 2017",2389.79,2391.43,2380.35,2389.52,2389.52,4362540000.00
"May 03, 2017",2386.50,2389.82,2379.75,2388.13,2388.13,3893990000.00
"May 02, 2017",2391.05,2392.93,2385.82,2391.17,2391.17,3813680000.00
"May 01, 2017",2388.50,2394.49,2384.83,2388.33,2388.33,3199240000.00
"Apr 28, 2017",2393.68,2393.68,2382.36,2384.20,2384.20,3718270000.00
"Apr 27, 2017",2389.70,2392.10,2382.68,2388.77,2388.77,4098460000.00
"Apr 26, 2017",2388.98,2398.16,2386.78,2387.45,2387.45,4105920000.00
"Apr 25, 2017",2381.51,2392.48,2381.15,2388.61,2388.61,3995240000.00
"Apr 24, 2017",2370.33,2376.98,2369.19,2374.15,2374.15,3690650000.00
"Apr 21, 2017",2354.74,2356.18,2344.51,2348.69,2348.69,3503360000.00
"Apr 20, 2017",2342.69,2361.37,2340.91,2355.84,2355.84,3647420000.00
"Apr 19, 2017",2346.79,2352.63,2335.05,2338.17,2338.17,3519900000.00
"Apr 18, 2017",2342.53,2348.35,2334.54,2342.19,2342.19,3269840000.00
"Apr 17, 2017",2332.62,2349.14,2332.51,2349.01,2349.01,2824710000.00
"Apr 13, 2017",2341.98,2348.26,2328.95,2328.95,2328.95,3143890000.00
"Apr 12, 2017",2352.15,2352.72,2341.18,2344.93,2344.93,3196950000.00
"Apr 11, 2017",2353.92,2355.22,2337.25,2353.78,2353.78,3117420000.00
"Apr 10, 2017",2357.16,2366.37,2351.50,2357.16,2357.16,2785410000.00
"Apr 07, 2017",2356.59,2363.76,2350.74,2355.54,2355.54,3053150000.00
"Apr 06, 2017",2353.79,2364.16,2348.90,2357.49,2357.49,3201920000.00
"Apr 05, 2017",2366.59,2378.36,2350.52,2352.95,2352.95,3770520000.00
"Apr 04, 2017",2354.76,2360.53,2350.72,2360.16,2360.16,3206240000.00
"Apr 03, 2017",2362.34,2365.87,2344.73,2358.84,2358.84,3416400000.00
"Mar 31, 2017",2364.82,2370.35,2362.60,2362.72,2362.72,3354110000.00
"Mar 30, 2017",2361.31,2370.42,2358.58,2368.06,2368.06,3158420000.00
"Mar 29, 2017",2356.54,2363.36,2352.94,2361.13,2361.13,3106940000.00
"Mar 28, 2017",2339.79,2363.78,2337.63,2358.57,2358.57,3367780000.00
"Mar 27, 2017",2329.11,2344.90,2322.25,2341.59,2341.59,3240230000.00
"Mar 24, 2017",2350.42,2356.22,2335.74,2343.98,2343.98,2975130000.00
"Mar 23, 2017",2345.97,2358.92,2342.13,2345.96,2345.96,3260600000.00
"Mar 22, 2017",2343.00,2351.81,2336.45,2348.45,2348.45,3572730000.00
"Mar 21, 2017",2379.32,2381.93,2341.90,2344.02,2344.02,4265590000.00
"Mar 20, 2017",2378.24,2379.55,2369.66,2373.47,2373.47,3054930000.00
"Mar 17, 2017",2383.71,2385.71,2377.64,2378.25,2378.25,5178040000.00
"Mar 16, 2017",2387.71,2388.10,2377.18,2381.38,2381.38,3365660000.00
"Mar 15, 2017",2370.34,2390.01,2368.94,2385.26,2385.26,3906840000.00
"Mar 14, 2017",2368.55,2368.55,2358.18,2365.45,2365.45,3172630000.00
"Mar 13, 2017",2371.56,2374.42,2368.52,2373.47,2373.47,3133900000.00
"Mar 10, 2017",2372.52,2376.86,2363.04,2372.60,2372.60,3432950000.00
"Mar 09, 2017",2363.49,2369.08,2354.54,2364.87,2364.87,3716340000.00
"Mar 08, 2017",2369.81,2373.09,2361.01,2362.98,2362.98,3812100000.00
"Mar 07, 2017",2370.74,2375.12,2365.51,2368.39,2368.39,3518390000.00
"Mar 06, 2017",2375.23,2378.80,2367.98,2375.31,2375.31,3232700000.00
"Mar 03, 2017",2380.92,2383.89,2375.39,2383.12,2383.12,3555260000.00
"Mar 02, 2017",2394.75,2394.75,2380.17,2381.92,2381.92,3821320000.00
"Mar 01, 2017",2380.13,2400.98,2380.13,2395.96,2395.96,4345180000.00
"Feb 28, 2017",2366.08,2367.79,2358.96,2363.64,2363.64,4210140000.00
"Feb 27, 2017",2365.23,2371.54,2361.87,2369.75,2369.75,3582610000.00
"Feb 24, 2017",2355.73,2367.34,2352.87,2367.34,2367.34,3831570000.00
"Feb 23, 2017",2367.50,2368.26,2355.09,2363.81,2363.81,4015260000.00
"Feb 22, 2017",2361.11,2365.13,2358.34,2362.82,2362.82,3468670000.00
"Feb 21, 2017",2354.91,2366.71,2354.91,2365.38,2365.38,3579780000.00
"Feb 17, 2017",2343.01,2351.16,2339.58,2351.16,2351.16,3513060000.00
"Feb 16, 2017",2349.64,2351.31,2338.87,2347.22,2347.22,3672370000.00
"Feb 15, 2017",2335.58,2351.30,2334.81,2349.25,2349.25,3775590000.00
"Feb 14, 2017",2326.12,2337.58,2322.17,2337.58,2337.58,3520910000.00
"Feb 13, 2017",2321.72,2331.58,2321.42,2328.25,2328.25,3349730000.00
"Feb 10, 2017",2312.27,2319.23,2311.10,2316.10,2316.10,3475020000.00
"Feb 09, 2017",2296.70,2311.08,2296.61,2307.87,2307.87,3677940000.00
"Feb 08, 2017",2289.55,2295.91,2285.38,2294.67,2294.67,3609740000.00
"Feb 07, 2017",2295.87,2299.40,2290.16,2293.08,2293.08,3448690000.00
"Feb 06, 2017",2294.28,2296.18,2288.57,2292.56,2292.56,3109050000.00
"Feb 03, 2017",2288.54,2298.31,2287.88,2297.42,2297.42,3597970000.00
"Feb 02, 2017",2276.69,2283.97,2271.65,2280.85,2280.85,3807710000.00
"Feb 01, 2017",2285.59,2289.14,2272.44,2279.55,2279.55,3916610000.00
"Jan 31, 2017",2274.02,2279.09,2267.21,2278.87,2278.87,4087450000.00
"Jan 30, 2017",2286.01,2286.01,2268.04,2280.90,2280.90,3591270000.00
"Jan 27, 2017",2299.02,2299.02,2291.62,2294.69,2294.69,3135890000.00
"Jan 26, 2017",2298.63,2300.99,2294.08,2296.68,2296.68,3610360000.00
"Jan 25, 2017",2288.88,2299.55,2288.88,2298.37,2298.37,3846020000.00
"Jan 24, 2017",2267.88,2284.63,2266.68,2280.07,2280.07,3810960000.00
"Jan 23, 2017",2267.78,2271.78,2257.02,2265.20,2265.20,3152710000.00
"Jan 20, 2017",2269.96,2276.96,2265.01,2271.31,2271.31,3524970000.00
"Jan 19, 2017",2271.90,2274.33,2258.41,2263.69,2263.69,3165970000.00
"Jan 18, 2017",2269.14,2272.01,2263.35,2271.89,2271.89,3315250000.00
"Jan 17, 2017",2269.14,2272.08,2262.81,2267.89,2267.89,3584990000.00
"Jan 13, 2017",2272.74,2278.68,2271.51,2274.64,2274.64,3081270000.00
"Jan 12, 2017",2271.14,2271.78,2254.25,2270.44,2270.44,3462130000.00
"Jan 11, 2017",2268.60,2275.32,2260.83,2275.32,2275.32,3620410000.00
"Jan 10, 2017",2269.72,2279.27,2265.27,2268.90,2268.90,3638790000.00
"Jan 09, 2017",2273.59,2275.49,2268.90,2268.90,2268.90,3217610000.00
"Jan 06, 2017",2271.14,2282.10,2264.06,2276.98,2276.98,3339890000.00
"Jan 05, 2017",2268.18,2271.50,2260.45,2269.00,2269.00,3761820000.00
"Jan 04, 2017",2261.60,2272.82,2261.60,2270.75,2270.75,3764890000.00
"Jan 03, 2017",2251.57,2263.88,2245.13,2257.83,2257.83,3770530000.00
"Dec 30, 2016",2251.61,2253.58,2233.62,2238.83,2238.83,2670900000.00
"Dec 29, 2016",2249.50,2254.51,2244.56,2249.26,2249.26,2336370000.00
"Dec 28, 2016",2270.23,2271.31,2249.11,2249.92,2249.92,2392360000.00
"Dec 27, 2016",2266.23,2273.82,2266.15,2268.88,2268.88,1987080000.00
"Dec 23, 2016",2260.25,2263.79,2258.84,2263.79,2263.79,2020550000.00
"Dec 22, 2016",2262.93,2263.18,2256.08,2260.96,2260.96,2876320000.00
"Dec 21, 2016",2270.54,2271.23,2265.15,2265.18,2265.18,2852230000.00
"Dec 20, 2016",2266.50,2272.56,2266.14,2270.76,2270.76,3298780000.00
"Dec 19, 2016",2259.24,2267.47,2258.21,2262.53,2262.53,3248370000.00
"Dec 16, 2016",2266.81,2268.05,2254.24,2258.07,2258.07,5920340000.00
"Dec 15, 2016",2253.77,2272.12,2253.77,2262.03,2262.03,4168200000.00
"Dec 14, 2016",2268.35,2276.20,2248.44,2253.28,2253.28,4406970000.00
"Dec 13, 2016",2263.32,2277.53,2263.32,2271.72,2271.72,3857590000.00
"Dec 12, 2016",2258.83,2264.03,2252.37,2256.96,2256.96,4034510000.00
"Dec 09, 2016",2249.73,2259.80,2249.23,2259.53,2259.53,3884480000.00
"Dec 08, 2016",2241.13,2251.69,2237.57,2246.19,2246.19,4200580000.00
"Dec 07, 2016",2210.72,2241.63,2208.93,2241.35,2241.35,4501820000.00
"Dec 06, 2016",2207.26,2212.78,2202.21,2212.23,2212.23,3855320000.00
"Dec 05, 2016",2200.65,2209.42,2199.97,2204.71,2204.71,3895230000.00
"Dec 02, 2016",2191.12,2197.95,2188.37,2191.95,2191.95,3779500000.00
"Dec 01, 2016",2200.17,2202.60,2187.44,2191.08,2191.08,5063740000.00
"Nov 30, 2016",2204.97,2214.10,2198.81,2198.81,2198.81,5533980000.00
"Nov 29, 2016",2200.76,2210.46,2198.15,2204.66,2204.66,3706560000.00
"Nov 28, 2016",2210.21,2211.14,2200.36,2201.72,2201.72,3505650000.00
"Nov 25, 2016",2206.27,2213.35,2206.27,2213.35,2213.35,1584600000.00
"Nov 23, 2016",2198.55,2204.72,2194.51,2204.72,2204.72,3418640000.00
"Nov 22, 2016",2201.56,2204.80,2194.51,2202.94,2202.94,3957940000.00
"Nov 21, 2016",2186.43,2198.70,2186.43,2198.18,2198.18,3607010000.00
"Nov 18, 2016",2186.85,2189.89,2180.38,2181.90,2181.90,3572400000.00
"Nov 17, 2016",2178.61,2188.06,2176.65,2187.12,2187.12,3809160000.00
"Nov 16, 2016",2177.53,2179.22,2172.20,2176.94,2176.94,3830590000.00
"Nov 15, 2016",2168.29,2180.84,2166.38,2180.39,2180.39,4543860000.00
"Nov 14, 2016",2165.64,2171.36,2156.08,2164.20,2164.20,5367200000.00
"Nov 11, 2016",2162.71,2165.92,2152.49,2164.45,2164.45,4988050000.00
"Nov 10, 2016",2167.49,2182.30,2151.17,2167.48,2167.48,6451640000.00
"Nov 09, 2016",2131.56,2170.10,2125.35,2163.26,2163.26,6264150000.00
"Nov 08, 2016",2129.92,2146.87,2123.56,2139.56,2139.56,3916930000.00
"Nov 07, 2016",2100.59,2132.00,2100.59,2131.52,2131.52,3736060000.00
"Nov 04, 2016",2083.79,2099.07,2083.79,2085.18,2085.18,3837860000.00
"Nov 03, 2016",2098.80,2102.56,2085.23,2088.66,2088.66,3886740000.00
"Nov 02, 2016",2109.43,2111.76,2094.00,2097.94,2097.94,4248580000.00
"Nov 01, 2016",2128.68,2131.45,2097.85,2111.72,2111.72,4532160000.00
"Oct 31, 2016",2129.78,2133.25,2125.53,2126.15,2126.15,3922400000.00
"Oct 28, 2016",2132.23,2140.72,2119.36,2126.41,2126.41,4019510000.00
"Oct 27, 2016",2144.06,2147.13,2132.52,2133.04,2133.04,4204830000.00
"Oct 26, 2016",2136.97,2145.73,2131.59,2139.43,2139.43,3775200000.00
"Oct 25, 2016",2149.72,2151.44,2141.93,2143.16,2143.16,3751340000.00
"Oct 24, 2016",2148.50,2154.79,2146.91,2151.33,2151.33,3357320000.00
"Oct 21, 2016",2139.43,2142.63,2130.09,2141.16,2141.16,3448850000.00
"Oct 20, 2016",2142.51,2147.18,2133.44,2141.34,2141.34,3337170000.00
"Oct 19, 2016",2140.81,2148.44,2138.15,2144.29,2144.29,3362670000.00
"Oct 18, 2016",2138.31,2144.38,2135.49,2139.60,2139.60,3170000000.00
"Oct 17, 2016",2132.95,2135.61,2124.43,2126.50,2126.50,2830390000.00
"Oct 14, 2016",2139.68,2149.19,2132.98,2132.98,2132.98,3228150000.00
"Oct 13, 2016",2130.26,2138.19,2114.72,2132.55,2132.55,3580450000.00
"Oct 12, 2016",2137.67,2145.36,2132.77,2139.18,2139.18,2977100000.00
"Oct 11, 2016",2161.35,2161.56,2128.84,2136.73,2136.73,3438270000.00
"Oct 10, 2016",2160.39,2169.60,2160.39,2163.66,2163.66,2916550000.00
"Oct 07, 2016",2164.19,2165.86,2144.85,2153.74,2153.74,3619890000.00
"Oct 06, 2016",2158.22,2162.93,2150.28,2160.77,2160.77,3461550000.00
"Oct 05, 2016",2155.15,2163.95,2155.15,2159.73,2159.73,3906550000.00
"Oct 04, 2016",2163.37,2165.46,2144.01,2150.49,2150.49,3750890000.00
"Oct 03, 2016",2164.33,2164.41,2154.77,2161.20,2161.20,3137550000.00
"Sept 30, 2016",2156.51,2175.30,2156.51,2168.27,2168.27,4173340000.00
"Sept 29, 2016",2168.90,2172.67,2145.20,2151.13,2151.13,4249220000.00
"Sept 28, 2016",2161.85,2172.40,2151.79,2171.37,2171.37,3891460000.00
"Sept 27, 2016",2146.04,2161.13,2141.55,2159.93,2159.93,3437770000.00
"Sept 26, 2016",2158.54,2158.54,2145.04,2146.10,2146.10,3216170000.00
"Sept 23, 2016",2173.29,2173.75,2163.97,2164.69,2164.69,3317190000.00
"Sept 22, 2016",2170.94,2179.99,2170.94,2177.18,2177.18,3552830000.00
"Sept 21, 2016",2144.58,2165.11,2139.57,2163.12,2163.12,3712090000.00
"Sept 20, 2016",2145.94,2150.80,2139.17,2139.76,2139.76,3140730000.00
"Sept 19, 2016",2143.99,2153.61,2135.91,2139.12,2139.12,3163000000.00
"Sept 16, 2016",2146.48,2146.48,2131.20,2139.16,2139.16,5014360000.00
"Sept 15, 2016",2125.36,2151.31,2122.36,2147.26,2147.26,3373720000.00
"Sept 14, 2016",2127.86,2141.33,2119.90,2125.77,2125.77,3664100000.00
"Sept 13, 2016",2150.47,2150.47,2120.27,2127.02,2127.02,4141670000.00
"Sept 12, 2016",2120.86,2163.30,2119.12,2159.04,2159.04,4010480000.00
"Sept 09, 2016",2169.08,2169.08,2127.81,2127.81,2127.81,4233960000.00
"Sept 08, 2016",2182.76,2184.94,2177.49,2181.30,2181.30,3727840000.00
"Sept 07, 2016",2185.17,2187.87,2179.07,2186.16,2186.16,3319420000.00
"Sept 06, 2016",2181.61,2186.57,2175.10,2186.48,2186.48,3447650000.00
"Sept 02, 2016",2177.49,2184.87,2173.59,2179.98,2179.98,3091120000.00
"Sept 01, 2016",2171.33,2173.56,2157.09,2170.86,2170.86,3392120000.00
"Aug 31, 2016",2173.56,2173.79,2161.35,2170.95,2170.95,3766390000.00
"Aug 30, 2016",2179.45,2182.27,2170.41,2176.12,2176.12,3006800000.00
"Aug 29, 2016",2170.19,2183.48,2170.19,2180.38,2180.38,2654780000.00
"Aug 26, 2016",2175.10,2187.94,2160.39,2169.04,2169.04,3342340000.00
"Aug 25, 2016",2173.29,2179.00,2169.74,2172.47,2172.47,2969310000.00
"Aug 24, 2016",2185.09,2186.66,2171.25,2175.44,2175.44,3148280000.00
"Aug 23, 2016",2187.81,2193.42,2186.80,2186.90,2186.90,3041490000.00
"Aug 22, 2016",2181.58,2185.15,2175.96,2182.64,2182.64,2777550000.00
"Aug 19, 2016",2184.24,2185.00,2175.13,2183.87,2183.87,3084800000.00
"Aug 18, 2016",2181.90,2187.03,2180.46,2187.02,2187.02,3300570000.00
"Aug 17, 2016",2177.84,2183.08,2168.50,2182.22,2182.22,3388910000.00
"Aug 16, 2016",2186.24,2186.24,2178.14,2178.15,2178.15,3196400000.00
"Aug 15, 2016",2186.08,2193.81,2186.08,2190.15,2190.15,3078530000.00
"Aug 12, 2016",2183.74,2186.28,2179.42,2184.05,2184.05,3000660000.00
"Aug 11, 2016",2177.97,2188.45,2177.97,2185.79,2185.79,3423160000.00
"Aug 10, 2016",2182.81,2183.41,2172.00,2175.49,2175.49,3254950000.00
"Aug 09, 2016",2182.24,2187.66,2178.61,2181.74,2181.74,3334300000.00
"Aug 08, 2016",2183.76,2185.44,2177.85,2180.89,2180.89,3327550000.00
"Aug 05, 2016",2168.79,2182.87,2168.79,2182.87,2182.87,3663070000.00
"Aug 04, 2016",2163.51,2168.19,2159.07,2164.25,2164.25,3709200000.00
"Aug 03, 2016",2156.81,2163.79,2152.56,2163.79,2163.79,3786530000.00
"Aug 02, 2016",2169.94,2170.20,2147.58,2157.03,2157.03,3848750000.00
"Aug 01, 2016",2173.15,2178.29,2166.21,2170.84,2170.84,3505990000.00
"Jul 29, 2016",2168.83,2177.09,2163.49,2173.60,2173.60,4038840000.00
"Jul 28, 2016",2166.05,2172.85,2159.74,2170.06,2170.06,3664240000.00
"Jul 27, 2016",2169.81,2174.98,2159.07,2166.58,2166.58,3995500000.00
"Jul 26, 2016",2168.97,2173.54,2160.18,2169.18,2169.18,3442350000.00
"Jul 25, 2016",2173.71,2173.71,2161.95,2168.48,2168.48,3057240000.00
"Jul 22, 2016",2166.47,2175.11,2163.24,2175.03,2175.03,3023280000.00
"Jul 21, 2016",2172.91,2174.56,2159.75,2165.17,2165.17,3438900000.00
"Jul 20, 2016",2166.10,2175.63,2164.89,2173.02,2173.02,3211860000.00
"Jul 19, 2016",2163.79,2164.63,2159.01,2163.78,2163.78,2968340000.00
"Jul 18, 2016",2162.04,2168.35,2159.63,2166.89,2166.89,3009310000.00
"Jul 15, 2016",2165.13,2169.05,2155.79,2161.74,2161.74,3122600000.00
"Jul 14, 2016",2157.88,2168.99,2157.88,2163.75,2163.75,3465610000.00
"Jul 13, 2016",2153.81,2156.45,2146.21,2152.43,2152.43,3502320000.00
"Jul 12, 2016",2139.50,2155.40,2139.50,2152.14,2152.14,4097820000.00
"Jul 11, 2016",2131.72,2143.16,2131.72,2137.16,2137.16,3253340000.00
"Jul 08, 2016",2106.97,2131.71,2106.97,2129.90,2129.90,3607500000.00
"Jul 07, 2016",2100.42,2109.08,2089.39,2097.90,2097.90,3604550000.00
"Jul 06, 2016",2084.43,2100.72,2074.02,2099.73,2099.73,3909380000.00
"Jul 05, 2016",2095.05,2095.05,2080.86,2088.55,2088.55,3658380000.00
"Jul 01, 2016",2099.34,2108.71,2097.90,2102.95,2102.95,3458890000.00
"Jun 30, 2016",2073.17,2098.94,2070.00,2098.86,2098.86,4622820000.00
"Jun 29, 2016",2042.69,2073.13,2042.69,2070.77,2070.77,4241740000.00
"Jun 28, 2016",2006.67,2036.09,2006.67,2036.09,2036.09,4385810000.00
"Jun 27, 2016",2031.45,2031.45,1991.68,2000.54,2000.54,5431220000.00
"Jun 24, 2016",2103.81,2103.81,2032.57,2037.41,2037.41,7597450000.00
"Jun 23, 2016",2092.80,2113.32,2092.80,2113.32,2113.32,3297940000.00
"Jun 22, 2016",2089.75,2099.71,2084.36,2085.45,2085.45,3168160000.00
"Jun 21, 2016",2085.19,2093.66,2083.02,2088.90,2088.90,3232880000.00
"Jun 20, 2016",2075.58,2100.66,2075.58,2083.25,2083.25,3467440000.00
"Jun 17, 2016",2078.20,2078.20,2062.84,2071.22,2071.22,4952630000.00
"Jun 16, 2016",2066.36,2079.62,2050.37,2077.99,2077.99,3628280000.00
"Jun 15, 2016",2077.60,2085.65,2069.80,2071.50,2071.50,3544720000.00
"Jun 14, 2016",2076.65,2081.30,2064.10,2075.32,2075.32,3759770000.00
"Jun 13, 2016",2091.75,2098.12,2078.46,2079.06,2079.06,3392030000.00
"Jun 10, 2016",2109.57,2109.57,2089.96,2096.07,2096.07,3515010000.00
"Jun 09, 2016",2115.65,2117.64,2107.73,2115.48,2115.48,3290320000.00
"Jun 08, 2016",2112.71,2120.55,2112.71,2119.12,2119.12,3562060000.00
"Jun 07, 2016",2110.18,2119.22,2110.18,2112.13,2112.13,3534730000.00
"Jun 06, 2016",2100.83,2113.36,2100.83,2109.41,2109.41,3442020000.00
"Jun 03, 2016",2104.07,2104.07,2085.36,2099.13,2099.13,3627780000.00
"Jun 02, 2016",2097.71,2105.26,2088.59,2105.26,2105.26,3632720000.00
"Jun 01, 2016",2093.94,2100.97,2085.10,2099.33,2099.33,3525170000.00
"May 31, 2016",2100.13,2103.48,2088.66,2096.95,2096.95,4514410000.00
"May 27, 2016",2090.06,2099.06,2090.06,2099.06,2099.06,3079150000.00
"May 26, 2016",2091.44,2094.30,2087.08,2090.10,2090.10,3230990000.00
"May 25, 2016",2078.93,2094.73,2078.93,2090.54,2090.54,3859160000.00
"May 24, 2016",2052.65,2079.67,2052.65,2076.06,2076.06,3627340000.00
"May 23, 2016",2052.23,2055.58,2047.26,2048.04,2048.04,3055480000.00
"May 20, 2016",2041.88,2058.35,2041.88,2052.32,2052.32,3507650000.00
"May 19, 2016",2044.21,2044.21,2025.91,2040.04,2040.04,3846770000.00
"May 18, 2016",2044.38,2060.61,2034.49,2047.63,2047.63,4101320000.00
"May 17, 2016",2065.04,2065.69,2040.82,2047.21,2047.21,4108960000.00
"May 16, 2016",2046.53,2071.88,2046.53,2066.66,2066.66,3501360000.00
"May 13, 2016",2062.50,2066.79,2043.13,2046.61,2046.61,3579880000.00
"May 12, 2016",2067.17,2073.99,2053.13,2064.11,2064.11,3782390000.00
"May 11, 2016",2083.29,2083.29,2064.46,2064.46,2064.46,3821980000.00
"May 10, 2016",2062.63,2084.87,2062.63,2084.39,2084.39,3600200000.00
"May 09, 2016",2057.55,2064.15,2054.31,2058.69,2058.69,3788620000.00
"May 06, 2016",2047.77,2057.72,2039.45,2057.14,2057.14,3796350000.00
"May 05, 2016",2052.95,2060.23,2045.77,2050.63,2050.63,4008530000.00
"May 04, 2016",2060.30,2060.30,2045.55,2051.12,2051.12,4058560000.00
"May 03, 2016",2077.18,2077.18,2054.89,2063.37,2063.37,4173390000.00
"May 02, 2016",2067.17,2083.42,2066.11,2081.43,2081.43,3841110000.00
"Apr 29, 2016",2071.82,2073.85,2052.28,2065.30,2065.30,4704720000.00
"Apr 28, 2016",2090.93,2099.30,2071.62,2075.81,2075.81,4309840000.00
"Apr 27, 2016",2092.33,2099.89,2082.31,2095.15,2095.15,4100110000.00
"Apr 26, 2016",2089.84,2096.87,2085.80,2091.70,2091.70,3557190000.00
"Apr 25, 2016",2089.37,2089.37,2077.52,2087.79,2087.79,3319740000.00
"Apr 22, 2016",2091.49,2094.32,2081.20,2091.58,2091.58,3790580000.00
"Apr 21, 2016",2102.09,2103.78,2088.52,2091.48,2091.48,4175290000.00
"Apr 20, 2016",2101.52,2111.05,2096.32,2102.40,2102.40,4184880000.00
"Apr 19, 2016",2096.05,2104.05,2091.68,2100.80,2100.80,3896830000.00
"Apr 18, 2016",2078.83,2094.66,2073.65,2094.34,2094.34,3316880000.00
"Apr 15, 2016",2083.10,2083.22,2076.31,2080.73,2080.73,3701450000.00
"Apr 14, 2016",2082.89,2087.84,2078.13,2082.78,2082.78,3765870000.00
"Apr 13, 2016",2065.92,2083.18,2065.92,2082.42,2082.42,4191830000.00
"Apr 12, 2016",2043.72,2065.05,2039.74,2061.72,2061.72,4239740000.00
"Apr 11, 2016",2050.23,2062.93,2041.88,2041.99,2041.99,3567840000.00
"Apr 08, 2016",2045.54,2060.63,2041.69,2047.60,2047.60,3359530000.00
"Apr 07, 2016",2063.01,2063.01,2033.80,2041.91,2041.91,3801250000.00
"Apr 06, 2016",2045.56,2067.33,2043.09,2066.66,2066.66,3750800000.00
"Apr 05, 2016",2062.50,2062.50,2042.56,2045.17,2045.17,4154920000.00
"Apr 04, 2016",2073.19,2074.02,2062.57,2066.13,2066.13,3485710000.00
"Apr 01, 2016",2056.62,2075.07,2043.98,2072.78,2072.78,3749990000.00
"Mar 31, 2016",2063.77,2067.92,2057.46,2059.74,2059.74,3715280000.00
"Mar 30, 2016",2058.27,2072.21,2058.27,2063.95,2063.95,3590310000.00
"Mar 29, 2016",2035.75,2055.91,2028.31,2055.01,2055.01,3822330000.00
"Mar 28, 2016",2037.89,2042.67,2031.96,2037.05,2037.05,2809090000.00
"Mar 24, 2016",2032.48,2036.04,2022.49,2035.94,2035.94,3407720000.00
"Mar 23, 2016",2048.55,2048.55,2034.86,2036.71,2036.71,3639510000.00
"Mar 22, 2016",2048.64,2056.60,2040.57,2049.80,2049.80,3418460000.00
"Mar 21, 2016",2047.88,2053.91,2043.14,2051.60,2051.60,3376600000.00
"Mar 18, 2016",2041.16,2052.36,2041.16,2049.58,2049.58,6503140000.00
"Mar 17, 2016",2026.90,2046.24,2022.16,2040.59,2040.59,4530480000.00
"Mar 16, 2016",2014.24,2032.02,2010.04,2027.22,2027.22,4057020000.00
"Mar 15, 2016",2015.27,2015.94,2005.23,2015.93,2015.93,3560280000.00
"Mar 14, 2016",2019.27,2024.57,2012.05,2019.64,2019.64,3487850000.00
"Mar 11, 2016",1994.71,2022.37,1994.71,2022.19,2022.19,4078620000.00
"Mar 10, 2016",1990.97,2005.08,1969.25,1989.57,1989.57,4376790000.00
"Mar 09, 2016",1981.44,1992.69,1979.84,1989.26,1989.26,4038120000.00
"Mar 08, 2016",1996.88,1996.88,1977.43,1979.26,1979.26,4641650000.00
"Mar 07, 2016",1996.11,2006.12,1989.38,2001.76,2001.76,4968180000.00
"Mar 04, 2016",1994.01,2009.13,1986.77,1999.99,1999.99,6049930000.00
"Mar 03, 2016",1985.60,1993.69,1977.37,1993.40,1993.40,5081700000.00
"Mar 02, 2016",1976.60,1986.51,1968.80,1986.45,1986.45,4666610000.00
"Mar 01, 2016",1937.09,1978.35,1937.09,1978.35,1978.35,4819750000.00
"Feb 29, 2016",1947.13,1958.27,1931.81,1932.23,1932.23,4588180000.00
"Feb 26, 2016",1954.95,1962.96,1945.78,1948.05,1948.05,4348510000.00
"Feb 25, 2016",1931.87,1951.83,1925.41,1951.70,1951.70,4118210000.00
"Feb 24, 2016",1917.56,1932.08,1891.00,1929.80,1929.80,4317250000.00
"Feb 23, 2016",1942.38,1942.38,1919.44,1921.27,1921.27,3890650000.00
"Feb 22, 2016",1924.44,1946.70,1924.44,1945.50,1945.50,4054710000.00
"Feb 19, 2016",1916.74,1918.78,1902.17,1917.78,1917.78,4142850000.00
"Feb 18, 2016",1927.57,1930.00,1915.09,1917.83,1917.83,4436490000.00
"Feb 17, 2016",1898.80,1930.68,1898.80,1926.82,1926.82,5011540000.00
"Feb 16, 2016",1871.44,1895.77,1871.44,1895.58,1895.58,4570670000.00
"Feb 12, 2016",1833.40,1864.78,1833.40,1864.78,1864.78,4696920000.00
"Feb 11, 2016",1847.00,1847.00,1810.10,1829.08,1829.08,5500800000.00
"Feb 10, 2016",1857.10,1881.60,1850.32,1851.86,1851.86,4471170000.00
"Feb 09, 2016",1848.46,1868.25,1834.94,1852.21,1852.21,5183220000.00
"Feb 08, 2016",1873.25,1873.25,1828.46,1853.44,1853.44,5636460000.00
"Feb 05, 2016",1913.07,1913.07,1872.65,1880.05,1880.05,4929940000.00
"Feb 04, 2016",1911.67,1927.35,1900.52,1915.45,1915.45,5193320000.00
"Feb 03, 2016",1907.07,1918.01,1872.23,1912.53,1912.53,5172950000.00
"Feb 02, 2016",1935.26,1935.26,1897.29,1903.03,1903.03,4463190000.00
"Feb 01, 2016",1936.94,1947.20,1920.30,1939.38,1939.38,4322530000.00
"Jan 29, 2016",1894.00,1940.24,1894.00,1940.24,1940.24,5497570000.00
"Jan 28, 2016",1885.22,1902.96,1873.65,1893.36,1893.36,4693010000.00
"Jan 27, 2016",1902.52,1916.99,1872.70,1882.95,1882.95,4754040000.00
"Jan 26, 2016",1878.79,1906.73,1878.79,1903.63,1903.63,4357940000.00
"Jan 25, 2016",1906.28,1906.28,1875.97,1877.08,1877.08,4401380000.00
"Jan 22, 2016",1877.40,1908.85,1877.40,1906.90,1906.90,4901760000.00
"Jan 21, 2016",1861.46,1889.85,1848.98,1868.99,1868.99,5078810000.00
"Jan 20, 2016",1876.18,1876.18,1812.29,1859.33,1859.33,6416070000.00
"Jan 19, 2016",1888.66,1901.44,1864.60,1881.33,1881.33,4928350000.00
"Jan 15, 2016",1916.68,1916.68,1857.83,1880.33,1880.33,5468460000.00
"Jan 14, 2016",1891.68,1934.47,1878.93,1921.84,1921.84,5241110000.00
"Jan 13, 2016",1940.34,1950.33,1886.41,1890.28,1890.28,5087030000.00
"Jan 12, 2016",1927.83,1947.38,1914.35,1938.68,1938.68,4887260000.00
"Jan 11, 2016",1926.12,1935.65,1901.10,1923.67,1923.67,4607290000.00
"Jan 08, 2016",1945.97,1960.40,1918.46,1922.03,1922.03,4664940000.00
"Jan 07, 2016",1985.32,1985.32,1938.83,1943.09,1943.09,5076590000.00
"Jan 06, 2016",2011.71,2011.71,1979.05,1990.26,1990.26,4336660000.00
"Jan 05, 2016",2013.78,2021.94,2004.17,2016.71,2016.71,3706620000.00
"Jan 04, 2016",2038.20,2038.20,1989.68,2012.66,2012.66,4304880000.00
"Dec 31, 2015",2060.59,2062.54,2043.62,2043.94,2043.94,2655330000.00
"Dec 30, 2015",2077.34,2077.34,2061.97,2063.36,2063.36,2367430000.00
"Dec 29, 2015",2060.54,2081.56,2060.54,2078.36,2078.36,2542000000.00
"Dec 28, 2015",2057.77,2057.77,2044.20,2056.50,2056.50,2492510000.00
"Dec 24, 2015",2063.52,2067.36,2058.73,2060.99,2060.99,1411860000.00
"Dec 23, 2015",2042.20,2064.73,2042.20,2064.29,2064.29,3484090000.00
"Dec 22, 2015",2023.15,2042.74,2020.49,2038.97,2038.97,3520860000.00
"Dec 21, 2015",2010.27,2022.90,2005.93,2021.15,2021.15,3760280000.00
"Dec 18, 2015",2040.81,2040.81,2005.33,2005.55,2005.55,6683070000.00
"Dec 17, 2015",2073.76,2076.37,2041.66,2041.89,2041.89,4327390000.00
"Dec 16, 2015",2046.50,2076.72,2042.43,2073.07,2073.07,4635450000.00
"Dec 15, 2015",2025.55,2053.87,2025.55,2043.41,2043.41,4353540000.00
"Dec 14, 2015",2013.37,2022.92,1993.26,2021.94,2021.94,4612440000.00
"Dec 11, 2015",2047.27,2047.27,2008.80,2012.37,2012.37,4301060000.00
"Dec 10, 2015",2047.93,2067.65,2045.67,2052.23,2052.23,3715150000.00
"Dec 09, 2015",2061.17,2080.33,2036.53,2047.62,2047.62,4385250000.00
"Dec 08, 2015",2073.39,2073.85,2052.32,2063.59,2063.59,4173570000.00
"Dec 07, 2015",2090.42,2090.42,2066.78,2077.07,2077.07,4043820000.00
"Dec 04, 2015",2051.24,2093.84,2051.24,2091.69,2091.69,4214910000.00
"Dec 03, 2015",2080.71,2085.00,2042.35,2049.62,2049.62,4306490000.00
"Dec 02, 2015",2101.71,2104.27,2077.11,2079.51,2079.51,3950640000.00
"Dec 01, 2015",2082.93,2103.37,2082.93,2102.63,2102.63,3712120000.00
"Nov 30, 2015",2090.95,2093.81,2080.41,2080.41,2080.41,4275030000.00
"Nov 27, 2015",2088.82,2093.29,2084.13,2090.11,2090.11,1466840000.00
"Nov 25, 2015",2089.30,2093.00,2086.30,2088.87,2088.87,2852940000.00
"Nov 24, 2015",2084.42,2094.12,2070.29,2089.14,2089.14,3884930000.00
"Nov 23, 2015",2089.41,2095.61,2081.39,2086.59,2086.59,3587980000.00
"Nov 20, 2015",2082.82,2097.06,2082.82,2089.17,2089.17,3929600000.00
"Nov 19, 2015",2083.70,2086.74,2078.76,2081.24,2081.24,3628110000.00
"Nov 18, 2015",2051.99,2085.31,2051.99,2083.58,2083.58,3926390000.00
"Nov 17, 2015",2053.67,2066.69,2045.90,2050.44,2050.44,4427350000.00
"Nov 16, 2015",2022.08,2053.22,2019.39,2053.19,2053.19,3741240000.00
"Nov 13, 2015",2044.64,2044.64,2022.02,2023.04,2023.04,4278750000.00
"Nov 12, 2015",2072.29,2072.29,2045.66,2045.97,2045.97,4016370000.00
"Nov 11, 2015",2083.41,2086.94,2074.85,2075.00,2075.00,3692410000.00
"Nov 10, 2015",2077.19,2083.67,2069.91,2081.72,2081.72,3821440000.00
"Nov 09, 2015",2096.56,2096.56,2068.24,2078.58,2078.58,3882350000.00
"Nov 06, 2015",2098.60,2101.91,2083.74,2099.20,2099.20,4369020000.00
"Nov 05, 2015",2101.68,2108.78,2090.41,2099.93,2099.93,4051890000.00
"Nov 04, 2015",2110.60,2114.59,2096.98,2102.31,2102.31,4078870000.00
"Nov 03, 2015",2102.63,2116.48,2097.51,2109.79,2109.79,4272060000.00
"Nov 02, 2015",2080.76,2106.20,2080.76,2104.05,2104.05,3760020000.00
"Oct 30, 2015",2090.00,2094.32,2079.34,2079.36,2079.36,4256200000.00
"Oct 29, 2015",2088.35,2092.52,2082.63,2089.41,2089.41,4008940000.00
"Oct 28, 2015",2066.48,2090.35,2063.11,2090.35,2090.35,4698110000.00
"Oct 27, 2015",2068.75,2070.37,2058.84,2065.89,2065.89,4216880000.00
"Oct 26, 2015",2075.08,2075.14,2066.53,2071.18,2071.18,3385800000.00
"Oct 23, 2015",2058.19,2079.74,2058.19,2075.15,2075.15,4108460000.00
"Oct 22, 2015",2021.88,2055.20,2021.88,2052.51,2052.51,4430850000.00
"Oct 21, 2015",2033.47,2037.97,2017.22,2018.94,2018.94,3627790000.00
"Oct 20, 2015",2033.13,2039.12,2026.61,2030.77,2030.77,3331500000.00
"Oct 19, 2015",2031.73,2034.45,2022.31,2033.66,2033.66,3287320000.00
"Oct 16, 2015",2024.37,2033.54,2020.46,2033.11,2033.11,3595430000.00
"Oct 15, 2015",1996.47,2024.15,1996.47,2023.86,2023.86,3746290000.00
"Oct 14, 2015",2003.66,2009.56,1990.73,1994.24,1994.24,3644590000.00
"Oct 13, 2015",2015.00,2022.34,2001.78,2003.69,2003.69,3401920000.00
"Oct 12, 2015",2015.65,2018.66,2010.55,2017.46,2017.46,2893250000.00
"Oct 09, 2015",2013.73,2020.13,2007.61,2014.89,2014.89,3706900000.00
"Oct 08, 2015",1994.01,2016.50,1987.53,2013.43,2013.43,3939140000.00
"Oct 07, 2015",1982.34,1999.31,1976.44,1995.83,1995.83,4666470000.00
"Oct 06, 2015",1986.63,1991.62,1971.99,1979.92,1979.92,4202400000.00
"Oct 05, 2015",1954.33,1989.17,1954.33,1987.05,1987.05,4334490000.00
"Oct 02, 2015",1921.77,1951.36,1893.70,1951.36,1951.36,4378570000.00
"Oct 01, 2015",1919.65,1927.21,1900.70,1923.82,1923.82,3983600000.00
"Sept 30, 2015",1887.14,1920.53,1887.14,1920.03,1920.03,4525070000.00
"Sept 29, 2015",1881.90,1899.48,1871.91,1884.09,1884.09,4132390000.00
"Sept 28, 2015",1929.18,1929.18,1879.21,1881.77,1881.77,4326660000.00
"Sept 25, 2015",1935.93,1952.89,1921.50,1931.34,1931.34,3721870000.00
"Sept 24, 2015",1934.81,1937.17,1908.92,1932.24,1932.24,4091530000.00
"Sept 23, 2015",1943.24,1949.52,1932.57,1938.76,1938.76,3190530000.00
"Sept 22, 2015",1961.39,1961.39,1929.22,1942.74,1942.74,3808260000.00
"Sept 21, 2015",1960.84,1979.64,1955.80,1966.97,1966.97,3269350000.00
"Sept 18, 2015",1989.66,1989.66,1953.45,1958.03,1958.03,6021240000.00
"Sept 17, 2015",1995.33,2020.86,1986.73,1990.20,1990.20,4183790000.00
"Sept 16, 2015",1978.02,1997.26,1977.93,1995.31,1995.31,3630680000.00
"Sept 15, 2015",1955.10,1983.19,1954.30,1978.09,1978.09,3239860000.00
"Sept 14, 2015",1963.06,1963.06,1948.27,1953.03,1953.03,3000200000.00
"Sept 11, 2015",1951.45,1961.05,1939.19,1961.05,1961.05,3218590000.00
"Sept 10, 2015",1941.59,1965.29,1937.19,1952.29,1952.29,3626320000.00
"Sept 09, 2015",1971.45,1988.63,1937.88,1942.04,1942.04,3652120000.00
"Sept 08, 2015",1927.30,1970.42,1927.30,1969.41,1969.41,3548650000.00
"Sept 04, 2015",1947.76,1947.76,1911.21,1921.22,1921.22,3167090000.00
"Sept 03, 2015",1950.79,1975.01,1944.72,1951.13,1951.13,3520700000.00
"Sept 02, 2015",1916.52,1948.91,1916.52,1948.86,1948.86,3742620000.00
"Sept 01, 2015",1970.09,1970.09,1903.07,1913.85,1913.85,4371850000.00
"Aug 31, 2015",1986.73,1986.73,1965.98,1972.18,1972.18,3915100000.00
"Aug 28, 2015",1986.06,1993.48,1975.19,1988.87,1988.87,3949080000.00
"Aug 27, 2015",1942.77,1989.60,1942.77,1987.66,1987.66,5006390000.00
"Aug 26, 2015",1872.75,1943.09,1872.75,1940.51,1940.51,5338250000.00
"Aug 25, 2015",1898.08,1948.04,1867.08,1867.61,1867.61,5183560000.00
"Aug 24, 2015",1965.15,1965.15,1867.01,1893.21,1893.21,6612690000.00
"Aug 21, 2015",2034.08,2034.08,1970.89,1970.89,1970.89,5018240000.00
"Aug 20, 2015",2076.61,2076.61,2035.73,2035.73,2035.73,3922470000.00
"Aug 19, 2015",2095.69,2096.17,2070.53,2079.61,2079.61,3512920000.00
"Aug 18, 2015",2101.99,2103.47,2094.14,2096.92,2096.92,2949990000.00
"Aug 17, 2015",2089.70,2102.87,2079.30,2102.44,2102.44,2867690000.00
"Aug 14, 2015",2083.15,2092.45,2080.61,2091.54,2091.54,2795590000.00
